-- MÓDULO TESOURARIA — 5 tabelas (seeds)

-- TIPOS DE BANCOS (tabela de domínio)
CREATE TABLE IF NOT EXISTS simam.Banco
(
    idBanco Int64,
    nmBanco String
)
ENGINE = MergeTree
ORDER BY idBanco;
INSERT INTO simam.Banco (idBanco, nmBanco) VALUES
(1, 'BANCO DO BRASIL S.A.'),
(2, 'BANCO CENTRAL DO BRASIL'),
(3, 'BANCO DA AMAZONIA S.A.'),
(4, 'BANCO DO NORDESTE DO BRASIL S.A.'),
(5, 'BANCO NACIONAL DA HABITACAO'),
(6, 'BANCO NACIONAL DE CREDITO COOPERATIVO S.A.'),
(7, 'BANCO DE DESENVOLVIMENTO ECONÔMICO E SOCIAL BNDS'),
(8, 'BANCO SANTANDER MERIDIONAL S.A.'),
(10, 'CREDICOAMO CRÉDITO RURAL COOPERATIVA'),
(11, 'CREDIT SUISSE HEDGING-GRIFFO CORRETORA DE VALORES S.A.'),
(12, 'BANCO INBURSA S.A.'),
(14, 'STATE STREET BRASIL S.A. –BANCO COMERCIAL'),
(15, 'UBS BRASIL CORRETORA DE CÂMBIO, TÍTULOS E VALORES MOBILIÁRIOS S.A.'),
(17, 'BNY MELLON BANCO'),
(18, 'BANCO TRICURY S.A.'),
(19, 'BANCO AZTECA DO BRASIL S.A.'),
(21, 'BANESTES S.A. BANCO DO ESTADO DO ESPÍRITO SANTO'),
(24, 'BANCO BANDEPE S.A.'),
(25, 'BANCO ALFA S.A.'),
(26, 'BANCO DO ESTADO DO ACRE S.A.'),
(27, 'BANCO DO ESTADO DE SANTA CATARINA S.A.'),
(28, 'BANCO BANEB S.A.'),
(29, 'BANCO ITAÚ CONSIGNADO S.A.'),
(31, 'BANCO DO ESTADO DE GOIAS S.A.'),
(33, 'BANCO SANTANDER (BRASIL) S.A.'),
(36, 'BANCO BRADESCO BBI S.A.'),
(37, 'BANCO DO ESTADO DO PARÁ S.A.'),
(38, 'BANCO BANESTADO S.A.'),
(39, 'BANCO DO ESTADO DO PIAUI S.A. - BEP'),
(40, 'BANCO CARGILL S.A.'),
(41, 'BANCO DO ESTADO DO RIO GRANDE DO SUL S.A.'),
(42, 'BANCO J. SAFRA S.A.'),
(44, 'BANCO BVA S.A.'),
(45, 'BANCO OPPORTUNITY S.A.'),
(47, 'BANCO DO ESTADO DE SERGIPE S.A.'),
(48, 'BANCO BEMGE S.A.'),
(55, 'BANCO DE DESENVOLVIMENTO DO RIO GRANDE DO NORTE S.A.'),
(56, 'BANCO DE DESENVOLVIMENTO DO ESTADO DO RIO GRANDE DO SUL S.A.'),
(60, 'CONFIDENCE CORRETORA DE CÂMBIO S.A.'),
(61, 'BANCO ABB S.A.'),
(62, 'HIPERCARD BANCO MULTIPLO'),
(63, 'BANCO BRADESCO S.A.'),
(64, 'GOLDMAN SACHS DO BRASIL BANCO MÚLTIPLO S. A.'),
(65, 'BANCO ANDBANK (BRASIL)'),
(66, 'BANCO MORGAN STANLEY S.A.'),
(69, 'BANCO CREFISA S.A.'),
(70, 'BRB - BANCO DE BRASILIA S.A.'),
(74, 'BANCO J. SAFRA S.A.'),
(75, 'BANCO ABN AMRO'),
(76, 'BANCO KDB DO BRASIL S.A.'),
(77, 'BANCO INTER'),
(78, 'HAITONG BANCO DE INVESTIMENTO'),
(79, 'BANCO ORIGINAL DO AGRONEGÓCIO S.A.'),
(80, 'BT ASSOCIADOS CORRETORA DE CÂMBIO LTDA'),
(81, 'BANCOSEGURO S.A. idBanco                                         nmBanco'),
(82, 'BANCO TOPAZIO S.A.'),
(83, 'BANCO DA CHINA BRASIL S.A.'),
(84, 'UNIPRIME NORTE DO PARANÁ - COOP. DE ECON E CRÉDITO MÚTUO DOS MÉDICOS'),
(85, 'COOPERATIVA CENTRAL DE CRÉDITO URBANO - CECRED COOPERATIVA CENTRAL DE ECONOMIA E CRÉDITO MÚTUO DAS UNICREDS DO ESTADO DE SC LTD'),
(88, 'BANCO RANDON S.A.'),
(89, 'COOPERATIVA DE CRÉDITO RURAL DA REGIÃO DA MOGIANA COOPERATIVA CENTRAL DE CRÉDITO DO ESTADO DE SÃO PAULO LTDA. - UNICRED CENTRAL SP'),
(91, 'CENTRAL DE COOPERATIVAS DE ECONOMIA E CRÉDITO MÚTUO DO EST RS - UNICRED'),
(92, 'BRK S.A. CRÉDITO, FINANCIAMENTO E INVESTIMENTO PÓLOCRED SOCIEDADE DE CRÉDITO AO MICROEMPREENDEDOR E À EMPRESA DE PEQUENO PORTE'),
(94, 'BANCO FINAXIS S.A.'),
(95, 'TRAVELEX BANCO DE CÂMBIO S.A.'),
(96, 'BANCO B3 S.A.'),
(97, 'CREDISIS – CENTRAL DE COOPERATIVA DE CRÉDITO'),
(98, 'CREDIALIANÇA COOPERATIVA DE CRÉDITO RURAL'),
(99, 'UNIPRIME CENTRAL – CENTRAL INTERESTADUAL DE COOPERATIVAS DE CRÉDITO LTDA.'),
(100, 'PLANNER CORRETORA DE VALORES S.A.'),
(101, 'RENASCENÇA DISTRIBUIDORA DE TÍTULOS E VALORES MOBILIÁRIOS LTDA.'),
(102, 'XP INVESTIMENTOS CORRETORA DE CÂMBIO TÍTULOS E VALORES MOBILIÁRIOS S.A.'),
(104, 'CAIXA ECONOMICA FEDERAL'),
(105, 'LECCA CRÉDITO, FINANCIAMENTO E INVESTIMENTO S/A'),
(106, 'BANCO ITABANCO S.A.'),
(107, 'BANCO BBM S/A'),
(108, 'PORTOCRED S.A. CRÉDITO, FINANCIAMENTO E INVESTIMENTO'),
(109, 'BANCO CREDIBANCO S.A.'),
(111, 'OLIVEIRA TRUST DISTRIBUIDORA DE TÍTULOS E VALORES MOBILIÁRIOS S.A.'),
(112, 'CENTRAL DAS COOPERATIVAS DE CRÉDITO DO BRASIL CENTRAL'),
(113, 'MAGLIANO S.A. CORRETORA DE CAMBIO E VALORES MOBILIARIOS CENTRAL DAS COOPERATIVAS DE ECONOMIA E CRÉDITO MÚTUO DO ESTADO DO ESPÍRITO SANTO'),
(116, 'BANCO BNL DO BRASIL S.A.'),
(117, 'ADVANCED CORRETORA DE CÂMBIO LTDA.'),
(118, 'STANDARD CHARTERED BANK (BRASIL) S.A. BANCO DE INVESTIMENTO'),
(119, 'BANCO WESTERN UNION DO BRASIL AS'),
(120, 'BANCO RODOBENS SA'),
(121, 'BANCO AGIBANK S.A.'),
(122, 'BANCO BRADESCO BEJR S.A.'),
(123, 'AGIPLAN FINANCEIRA S.A. - CRÉDITO, FINANCIAMENTO E INVESTIMENTO'),
(124, 'BANCO WOORI BANK DO BRASIL S.A.'),
(125, 'BRASIL PLURAL S.A. BANCO MÚLTIPLO 19/11'),
(126, 'BR PARTNERS BANCO DE INVESTIMENTO S.A.'),
(127, 'CODEPE - CORRETORA DE VALORES S.A.'),
(130, 'CARUANA S.A. SOCIEDADE DE CRÉDITO, FINANCIAMENTO E INVESTIMENTO'),
(131, 'TULLETT PREBON BRASIL S.A. CORRETORA DE VALORES E CÂMBIO'),
(139, 'INTESA SANPAOLO BRASIL S.A. – BANCO MULTIPLO'),
(148, 'MULTI BANCO S.A.'),
(151, 'BANCO NOSSA CAIXA S.A.'),
(153, 'CAIXA ECONOMICA ESTADUAL DO RIO GRANDE DO SUL'),
(154, 'CAIXA ECONOMICA DO ESTADO DE SANTA CATARINA S.A.'),
(163, 'COMMERZBANK BRASIL S.A.- BANCO MULTIPLO idBanco                                        nmBanco'),
(164, 'BANCO CREDIT COMMERCIAL DE FRANCE S.A.'),
(165, 'BANCO NORCHEM S.A.'),
(166, 'BANCO INTER-ATLANTICO S.A.'),
(168, 'HSBC INVESTMENT BANK BRASIL S.A. - BANCO MULTIPLO'),
(169, 'BANCO OLÉ BONSUCESSO CONSIGNADO S.A.'),
(175, 'CONTINENTAL BANCO S.A.'),
(183, 'SOCRED S.A.'),
(184, 'BANCO ITAÚ BBA S.A.'),
(190, 'SERVICOOP'),
(197, 'STONE PAGAMENTO'),
(199, 'BANCO FINANCIAL PORTUGUES'),
(200, 'BANCO FICRISA AXELRUD S.A.'),
(201, 'BANCO AXIAL S.A.'),
(204, 'BANCO BRADESCO CARTÕES S.A.'),
(205, 'BANCO SUL AMERICA S.A.'),
(208, 'BANCO BTG PACTUAL S.A.'),
(210, 'DRESDNER BANK LATEINAMERIKA AKTIENGESELLSCHAFT'),
(211, 'BANCO SISTEMA S.A.'),
(212, 'BANCO ORIGINAL S.A.'),
(213, 'BANCO ARBI S.A.'),
(214, 'BANCO DIBENS S.A.'),
(215, 'BANCO AMERICA DO SUL S.A.'),
(216, 'BANCO REGIONAL MALCON S.A.-COMERC.E DE CREDITO AO CONSUMIDOR'),
(217, 'BANCO JOHN DEERE S.A.'),
(218, 'BANCO BONSUCESSO S.A.'),
(219, 'BANCO ZOGBI S.A.'),
(221, 'BANCO CHASE FLEMING S.A.'),
(222, 'BANCO AGF BRASEG S.A.'),
(224, 'BANCO FIBRA S.A.'),
(225, 'BANCO BRASCAN S.A.'),
(226, 'BANCO AUXILIAR S.A.'),
(228, 'BANCO ICATU S.A.'),
(229, 'BANCO CRUZEIRO DO SUL S.A.'),
(230, 'BANCO BANDEIRANTES S.A.'),
(231, 'BANCO BOAVISTA INTERATLANTICO S.A.'),
(232, 'BANCO INTERPART S.A.'),
(233, 'BANCO CIFRA S.A.'),
(235, 'BANK OF AMERICA - LIBERAL S.A. (BANCO MULTIPLO)'),
(236, 'BANCO CAMBIAL S.A.'),
(237, 'BANCO BRADESCO S.A.'),
(240, 'BANCO DE CREDITO REAL DE MINAS GERAIS S.A.'),
(241, 'BANCO CLASSICO S.A.'),
(242, 'BANCO EUROINVEST S.A. - EUROBANCO'),
(243, 'BANCO MULTI STOCK S.A.'),
(244, 'BANCO CIDADE S.A.'),
(246, 'BANCO ABC BRASIL S.A.'),
(247, 'BANCO UBS WARBURG S.A.'),
(248, 'BANCO BOAVISTA INTERATLÂNTICO S.A.'),
(249, 'BANCO INVESTCRED S.A.'),
(250, 'BCV – BANCO DE CRÉDITO E VAREJO S/A'),
(252, 'BANCO FININVEST S.A.'),
(254, 'PARANA BANCO S.A.'),
(255, 'MILBANCO S.A.'),
(256, 'BANCO GULFINVEST S.A.'),
(258, 'BANCO INDUSCRED S.A.'),
(260, 'NU PAGAMENTOS S.A.'),
(261, 'BANCO VARIG S.A.'),
(262, 'BANCO BOREAL S.A. idBanco                                      nmBanco'),
(263, 'BANCO CACIQUE S.A.'),
(265, 'BANCO FATOR S.A.'),
(266, 'BANCO CEDULA S.A.'),
(267, 'BANCO BBM - COMERCIAL, CRED.IMOB. E CRED.FIN.INV. S.A.'),
(273, 'COOPERATIVA DE CRÉDITO RURAL DE SÃO MIGUEL DO OESTE – SULCREDI/ SÃO MIGUEL'),
(274, 'MONEY PLUS SCMEPP LTDA'),
(275, 'BANCO ABN AMRO REAL S.A.'),
(276, 'SENFF S.A.-CFI'),
(277, 'PLANIBANC DISTRIBUIDORA DE TITULOS VALORES MOBILIARIOS S.A.'),
(281, 'COOPAVEL'),
(284, 'BANCO DAS NACOES S.A.'),
(286, 'COOPERATIVA DE CRÉDITO RURAL DE OUTO SULCREDI/OURO'),
(290, 'PAGSEGURO INTERNET S.A.'),
(291, 'BANCO DE CREDITO NACIONAL S.A.'),
(294, 'BCR BANCO DE CREDITO REAL S.A.'),
(295, 'BANCO CREDIPLAN S.A.'),
(300, 'BANCO DE LA NACION ARGENTINA'),
(301, 'BPP INSTITUIÇÃO DE PAGAMENTO S.A.'),
(303, 'BANCO HNF S.A.'),
(314, 'BANCO DO COMMERCIO E INDUSTRIA DE SAO PAULO S.A.'),
(317, 'BANCO DO COMERCIO S.A.'),
(318, 'BANCO BMG S.A.'),
(320, 'CHINA CONSTRUCTION BANK ( BRASIL) BANCO MULTIPLO S/A'),
(323, 'MERCADOPAGO.COM REPRESENTAÇÕES LTDA.'),
(330, 'BANCO BARI DE INVESTIMENTOS E FINANCIAMENTOS S.A.'),
(332, 'COOPERATIVA DE CRÉDITO RURAL DE ABELARDO LUZ-Sulcredi/Crediluz'),
(336, 'BANCO C6 S.A.'),
(337, 'BANCO SAVENA S.A.'),
(338, 'BANCO F. BARRETTO S.A.'),
(340, 'SUPER PAGAMENTOS E ADMINISTRAÇÃO DE MEIOS ELETRÔNICOS S.A.'),
(341, 'BANCO ITAU S.A.'),
(345, 'BANCO FINANCIAL S.A.'),
(347, 'BANCO SUDAMERIS BRASIL S.A.'),
(348, 'BANCO XP S.A'),
(351, 'BANCO SANTANDER S.A.'),
(353, 'BANCO SANTANDER BRASIL S.A.'),
(356, 'BANCO HOLANDES UNIDO S.A.'),
(361, 'BANCO INDUSTRIAL DE PERNAMBUCO S.A.'),
(366, 'BANCO SOCIÉTÉ GÉNÉRALE BRASIL S.A.'),
(369, 'BANCO DIGIBANCO S.A.'),
(370, 'BANCO MIZUHO DO BRASIL S.A.'),
(372, 'BANCO ITAMARATI S.A.'),
(375, 'BANCO FENICIA S.A.'),
(376, 'BANCO J.P. MORGAN S.A. COOPERFORTE - COOPERATIVA DE ECONOMIA E CRÉDITO MUTUO DE FUNCIONÁRIOS DE INSTITUIÇÕES FINANCEIRAS PUBLICAS FEDERAIS'),
(389, 'BANCO MERCANTIL DO BRASIL S.A.'),
(392, 'BANCO MERCANTIL DE SAO PAULO S.A.'),
(394, 'BANCO BRADESCO FINANCIAMENTOS S.A.'),
(399, 'KIRTON BANK S.A. – BANCO MULTIPLO'),
(405, 'BANCO MINEIRO S.A.'),
(406, 'ACCREDITO - SOCIEDADE DE CRÉDITO DIRETO S.A.'),
(409, 'UNIBANCO-UNIAO DE BANCOS BRASILEIROS S.A.'),
(412, 'BANCO CAPITAL S.A.'),
(413, 'BANCO BV S.A'),
(417, 'BANCO SUL BRASILEIRO S.A.'),
(421, 'LAR COOPERATIVA DE CRÉDITO – LAR CREDI'),
(422, 'BANCO SAFRA S.A.'),
(424, 'BANCO SANTANDER NOROESTE S.A. idBanco                                       nmBanco'),
(432, 'BANCO PINTO DE MAGALHAES S.A.'),
(441, 'BANCO REAL DE SAO PAULO S.A.'),
(451, 'J17 - SOCIEDADE DE CRÉDITO DIRETO S/A'),
(453, 'BANCO RURAL S.A.'),
(456, 'BANCO DE TOKYO-MITSUBISHI BRASIL S.A.'),
(457, 'UY3 SOCIEDADE DE CRÉDITO DIRETO S/A'),
(463, 'AZUMI DISTRIBUIDORA DE TITULOS E VALORES MOBILIARIOS LTDA'),
(464, 'BANCO SUMITOMO BRASILEIRO S.A.'),
(466, 'BANCO DE TOKYO S.A.'),
(470, 'CDC SOCIEDADE DE CRÉDITO DIRETO S.A'),
(472, 'LLOYDS TSB BANK PLC'),
(473, 'BANCO CAIXA GERAL - BRASIL S.A.'),
(477, 'CITIBANK N.A.'),
(479, 'BANKBOSTON BANCO MULTIPLO S.A.'),
(480, 'BANCO WACHOVIA S.A.'),
(485, 'BANCO DE RORAIMA S.A. - EM LIQUIDACAO'),
(487, 'DEUTSCHE BANK S.A.BANCO ALEMAO'),
(488, 'JPMORGAN CHASE BANK, NATIONAL ASSOCIATION'),
(489, 'BANCO FRANCES INTERNACIONAL (BRASIL) S.A.'),
(490, 'BANCO RESIDENCIA S.A.'),
(492, 'ING BANK N.V.'),
(493, 'BANCO UNION - BRASIL S.A.'),
(494, 'BANCO DE LA REPUBLICA ORIENTAL DEL URUGUAY'),
(495, 'BANCO DE LA PROVINCIA DE BUENOS AIRES'),
(496, 'BANCO BILBAO VIZCAYA ARGENTARIA S.A.'),
(497, 'BANCO HISPANO AMERICANO S.A.'),
(498, 'BANCO SANTANDER CENTRAL HISPANO'),
(499, 'BANCO IOCHPE S.A.'),
(500, 'BANCO HABITASUL S.A.'),
(502, 'BANCO SANTANDER DE NEGOCIOS S.A.'),
(503, 'BANCO BRJ S.A.'),
(504, 'BANCO MULTIPLIC S.A.'),
(505, 'BANCO CREDIT SUISSE FIRST BOSTON GARANTIA S.A.'),
(542, 'CLOUDWALK INSTITUIÇÃO DE PAGAMENTO E SERVICOS LTDA'),
(600, 'BANCO LUSO BRASILEIRO S.A.'),
(601, 'BFC BANCO S.A.'),
(602, 'BANCO PATENTE S.A.'),
(604, 'BANCO INDUSTRIAL DO BRASIL S.A.'),
(605, 'BPA BANCO PAO DE ACUCAR S.A.'),
(607, 'BANCO SANTOS NEVES S.A.'),
(610, 'BANCO VR S.A.'),
(611, 'BANCO PAULISTA S.A.'),
(612, 'BANCO GUANABARA S.A.'),
(613, 'BANCO PECUNIA S.A.'),
(616, 'BANCO INTERPACIFICO S.A.'),
(618, 'BANCO TENDENCIA S.A.'),
(622, 'BANCO DRACMA S.A'),
(623, 'BANCO PANAMERICANO S.A.'),
(624, 'BANCO GENERAL MOTORS S.A.'),
(625, 'BANCO ARAUCARIA S.A.'),
(626, 'BANCO FICSA S.A.'),
(627, 'BANCO DESTAK S.A.'),
(630, 'BANCO INTERCAP S.A.'),
(633, 'BANCO RENDIMENTO S.A.'),
(634, 'BANCO TRIANGULO S.A.'),
(637, 'BANCO SOFISA S.A.'),
(638, 'BANCO PROSPER S.A.'),
(641, 'BANCO BILBAO VIZCAYA ARGENTARIA BRASIL S.A. idBanco                                        nmBanco'),
(643, 'BANCO PINE S.A.'),
(645, 'BANCO DO ESTADO DE RORAIMA S.A.'),
(647, 'BANCO MARKA S.A.'),
(649, 'BANCO DIMENSAO S.A.'),
(650, 'BANCO PEBB S.A.'),
(652, 'BANCO FRANCES E BRASILEIRO S.A.'),
(653, 'BANCO INDUSVAL S.A.'),
(654, 'BANCO A.J. RENNER S.A.'),
(655, 'BANCO VOTORANTIM S.A.'),
(656, 'BANCO MATRIX S.A.'),
(657, 'BANCO TECNICORP S.A.'),
(658, 'BANCO PORTO REAL S.A.'),
(702, 'BANCO SANTOS S.A.'),
(705, 'BANCO INVESTCORP S.A.'),
(707, 'BANCO DAYCOVAL S.A.'),
(711, 'BANCO VETOR S.A.'),
(712, 'BANCO OURINVEST'),
(713, 'BANCO CINDAM S.A.'),
(719, 'BANCO BANIF PRIMUS S.A'),
(720, 'BANCO MAXINVEST S.A.'),
(721, 'BANCO CREDIBEL S.A.'),
(724, 'BANCO PORTO SEGURO S.A.'),
(725, 'BANCO FINANSINOS S.A.'),
(726, 'BANCO UNIVERSAL S.A'),
(728, 'BANCO FITAL S.A.'),
(729, 'BANCO FONTE CINDAM S.A'),
(730, 'BANCO COMERCIAL PARAGUAYO S.A.'),
(732, 'BANCO MINAS S.A.'),
(733, 'BANCO DAS NACOES S.A'),
(734, 'BANCO GERDAU S.A'),
(735, 'BANCO POTTENCIAL S.A.'),
(736, 'BANCO UNITED S.A.'),
(737, 'BANCO THECA S.A.'),
(738, 'BANCO MORADA S.A.'),
(739, 'BANCO BGN S.A.'),
(740, 'BANCO BARCLAYS E GALICIA S.A.'),
(741, 'BANCO RIBEIRAO PRETO S.A.'),
(742, 'BANCO EQUATORIAL S.A.'),
(743, 'BANCO EMBLEMA S.A.'),
(744, 'BANKBOSTON, N.A.'),
(745, 'BANCO CITIBANK S.A.'),
(746, 'BANCO MODAL S.A.'),
(747, 'BANCO RABOBANK INTERNATIONAL BRASIL S.A.'),
(748, 'BANCO COOPERATIVO SICREDI S.A. - BANSICREDI'),
(749, 'BR BANCO MERCANTIL S.A.'),
(750, 'HSBC REPUBLIC BANK BRASIL S.A. - BANCO MULTIPLO'),
(751, 'DRESDNER BANK BRASIL S.A. BANCO MULTIPLO'),
(752, 'BANCO BNP PARIBAS BRASIL S.A.'),
(753, 'BANCO COMERCIAL URUGUAI S.A.'),
(754, 'BANCO SISTEMA'),
(755, 'BANCO MERRILL LYNCH S.A.'),
(756, 'BANCO COOPERATIVO DO BRASIL S.A.'),
(757, 'BANCO KEB DO BRASIL S.A.'),
(900, 'BANCO CREFISUL S.A.'),
(901, 'CORRETORA SOUZA BARROS CÂMBIO E TÍTULOS S.A.'),
(981, 'BANCO DO COMERCIO S.A.'),
(982, 'BANCO BMG S.A.'),
(983, 'BANCO INDUSTRIAL E COMERCIAL S.A. idBanco                                     nmBanco'),
(985, 'BANCO BOZANO, SIMONSEN S.A.'),
(986, 'BANCA COMMERCIALE ITALIANA'),
(987, 'BANCO MULTIPLIC S.A.'),
(988, 'BANCO REAL S.A.'),
(991, 'BANCO ICATU S.A.'),
(992, 'RESERVA BANCO COMERCIAL S.A.'),
(993, 'BANCO CREDIPLAN S.A.'),
(994, 'BANCO DE LA NACION ARGENTINA'),
(996, 'BANCO HNF S.A.'),
(999, 'BANCO DO COMMERCIO E INDUSTRIA DE SAO PAULO S.A. TIPOS DE CONTAS BANCÁRIAS');

-- TIPOS DE OPERAÇÕES FINANCEIRAS DE CAIXA E BANCOS (tabela de domínio)
CREATE TABLE IF NOT EXISTS simam.TipoOperacaoFinanceira
(
    dsTipoOperacaoFinanceira String,
    flExigeIdConta String,
    flExigeIdContaContabil String,
    flExigeId String
)
ENGINE = MergeTree
ORDER BY dsTipoOperacaoFinanceira;
INSERT INTO simam.TipoOperacaoFinanceira (dsTipoOperacaoFinanceira, flExigeIdConta, flExigeIdContaContabil, flExigeId) VALUES
('1', 'Receita Orçamentária', 'N', 'N'),
('2', 'Outras Receitas Extraorçamentárias', 'N', 'N'),
('3', 'Pagamento Orçamentário', 'N', 'N Outros Pagamentos'),
('4', 'N', 'N', 'N Extraorçamentários'),
('5', 'Transf. Entre contas do Próprio Ente', 'S', 'S'),
('6', 'Pagamento de Restos a Pagar', 'N', 'N Transferências'),
('7', 'N', 'N', 'S Financeiras(Interferências)'),
('8', 'Entradas não Identificadas', 'N', 'N'),
('9', 'Saídas não Identificadas', 'N', 'N Pagamento Despesas não'),
('10', 'N', 'N', 'N Empenhadas'),
('11', 'Aplicações a Curto Prazo', 'N', 'N'),
('12', 'Aplicações a Longo Prazo', 'N', 'N'),
('13', 'Resgate de Aplicações a Curto Prazo', 'N', 'N Resgate de Aplicações a Longo'),
('14', 'N', 'N', 'N Prazo'),
('15', 'Entradas de Valores do Realizável', 'N', 'N'),
('16', 'Saídas de Valores do Realizável', 'N', 'N Pagamento de Consignações/Valores'),
('17', 'N', 'N', 'N Restituíveis Passivo'),
('18', 'Transferência para o Caixa', 'N', 'S'),
('19', 'Transferência do Caixa', 'N', 'S Ajuste de Perdas em Títulos e Valores Mobiliários    (Perdas      Aplicações         N                    N                   N'),
('20', 'Financeiras) REGULARIZAÇÃO DO MOVIMENTO DIÁRIO DAS CONTAS BANCÁRIAS', '', '');

-- TIPOS DE DOCUMENTOS DE OPERAÇÕES DE CAIXA E BANCOS (tabela de domínio)
CREATE TABLE IF NOT EXISTS simam.TipoDocumentoFinanceiro
(
    idTipo Int64,
    flEntrada String
)
ENGINE = MergeTree
ORDER BY idTipo;
INSERT INTO simam.TipoDocumentoFinanceiro (idTipo, flEntrada) VALUES
(1, 'Cheques Emitidos'),
(2, 'Aviso de débito'),
(3, 'Borderô'),
(5, 'Encontro de Contas'),
(6, 'DOC'),
(7, 'TED'),
(8, 'Ordem de Pagamento'),
(9, 'Depósito Bancário'),
(10, 'Débitos Bancários'),
(11, 'Pagamento pelo BRDE à Fornecedores'),
(13, 'Crédito/Depósito Recebido'),
(14, 'Saque'),
(15, 'Débito na Conta – Pagto de Boleto Bancário'),
(16, 'PIX TIPOS DE EXIGÊNCIAS DE CONTAS BANCÁRIAS DE CREDORES');

-- TIPOS DE EXIGÊNCIAS DE CONTAS BANCÁRIAS DE CREDORES (tabela de domínio)
CREATE TABLE IF NOT EXISTS simam.TipoExigenciaContaBancariaCredor
(
    idTipo Int64,
    idTipo_2 Int64
)
ENGINE = MergeTree
ORDER BY idTipo;
INSERT INTO simam.TipoExigenciaContaBancariaCredor (idTipo, idTipo_2) VALUES
(3, 0),
(3, 0),
(3, 0),
(3, 0),
(3, 0),
(3, 0),
(3, 0),
(4, 0),
(4, 0),
(4, 0),
(4, 0),
(4, 0),
(4, 0),
(4, 0),
(6, 0),
(6, 0),
(6, 0),
(6, 0),
(6, 0),
(6, 0),
(6, 0),
(7, 3),
(7, 6),
(7, 7),
(7, 8),
(7, 9),
(7, 16),
(10, 0),
(10, 0),
(10, 0),
(10, 0),
(10, 0),
(10, 0),
(10, 0),
(16, 0),
(16, 0),
(16, 0),
(16, 0),
(16, 0),
(16, 0),
(17, 3),
(17, 6),
(17, 7),
(17, 8),
(17, 9),
(17, 16);

-- TIPOS DE SALDOS DOS EXTRATOS BANCÁRIOS (tabela de domínio)
CREATE TABLE IF NOT EXISTS simam.TipoSaldo
(
    idTipoSaldo Int64,
    dsTipoSaldo String
)
ENGINE = MergeTree
ORDER BY idTipoSaldo;
INSERT INTO simam.TipoSaldo (idTipoSaldo, dsTipoSaldo) VALUES
(1, 'Saldo não Aplicação'),
(2, 'Saldo Aplicado CONFIRMAÇÃO DA COMPENSAÇÃO DO MOVIMENTO BANCÁRIO');

