-- MÓDULO PATRIMÔNIO — 6 tabelas (seeds)

-- TIPOS DE NATUREZA DE BENS (tabela de domínio)
CREATE TABLE IF NOT EXISTS simam.TipoNaturezaBem
(
    idTipoNaturezaBem Int64,
    dsTipoNaturezaBem String
)
ENGINE = MergeTree
ORDER BY idTipoNaturezaBem;
INSERT INTO simam.TipoNaturezaBem (idTipoNaturezaBem, dsTipoNaturezaBem) VALUES
(1, 'Bens Móveis'),
(2, 'Bens Imóveis'),
(3, 'Intangíveis TIPOS DE UTILIZAÇÃO DE BENS');

-- TIPOS DE UTILIZAÇÃO DE BENS (tabela de domínio)
CREATE TABLE IF NOT EXISTS simam.TipoUtilizacaoBem
(
    idTipoUtilizacaoBem Int64,
    dsTipoUtilizacaoBem String
)
ENGINE = MergeTree
ORDER BY idTipoUtilizacaoBem;
INSERT INTO simam.TipoUtilizacaoBem (idTipoUtilizacaoBem, dsTipoUtilizacaoBem) VALUES
(1, 'Bens Dominicais'),
(2, 'Bens de Uso Comum'),
(3, 'Bens de Uso Especial TIPOS DE CATEGORIAS DE BENS');

-- TIPOS DE CATEGORIAS DE BENS (tabela de domínio)
CREATE TABLE IF NOT EXISTS simam.TipoCategoriaBem
(
    idTipoCategoriaBem Int64,
    dsTipoCategoriaBem String
)
ENGINE = MergeTree
ORDER BY idTipoCategoriaBem;
INSERT INTO simam.TipoCategoriaBem (idTipoCategoriaBem, dsTipoCategoriaBem) VALUES
(1, 'Aeronaves'),
(2, 'Aparelhos de Medição e Orientação'),
(3, 'Aparelhos e Equipamentos de Comunicação Aparelhos, Equipamentos, Utensílios Médico-Odontológico, Laboratorial e Hospitalar'),
(5, 'Aparelhos e Equipamentos para Esportes e Diversões'),
(6, 'Aparelhos e Utensílios Domésticos'),
(7, 'Armamentos'),
(8, 'Coleções e Materiais Bibliográficos'),
(9, 'Discotecas e Filmotecas'),
(10, 'Embarcações'),
(11, 'Equipamentos de Manobra e Patrulhamento'),
(12, 'Equipamentos de Proteção, Segurança e Socorro'),
(13, 'Instrumentos Musicais e Artísticos'),
(14, 'Máquinas e Equipamentos de Natureza Industrial'),
(15, 'Máquinas e Equipamentos Energéticos'),
(16, 'Máquinas e Equipamentos Gráficos'),
(17, 'Máquinas para Áudio, Vídeo e Foto'),
(18, 'Outras Máquinas, Aparelhos, Equipamentos e Ferramentas'),
(19, 'Equipamentos de Processamento de Dados'),
(20, 'Máquinas, Instalações e Utensílios de Escritório'),
(21, 'Máquinas, Ferramentas e Utensílios de Oficina'),
(22, 'Equipamentos e Utensílios Hidráulicos e Elétricos'),
(23, 'Máquinas e Equipamentos Agrícolas e Rodoviários'),
(24, 'Mobiliário em Geral'),
(25, 'Obras de Arte e Peças para Museu'),
(26, 'Semoventes e Equipamentos de Montaria'),
(27, 'Veículos Diversos'),
(28, 'Veículos Ferroviários idTipoCategoriaBem                                dsTipoCategoriaBem'),
(29, 'Peças não incorporáveis a imóveis'),
(30, 'Veículos de Tração Mecânica'),
(33, 'Equipamentos, Peças e Acessórios de Proteção e Voo'),
(34, 'Acessórios para Automóveis'),
(35, 'Equipamentos de Mergulho e Salvamento'),
(36, 'Equipamentos, Peças e Acessórios Marítimos'),
(37, 'Equipamentos e Sistema de Proteção e Vigilância Ambiental'),
(38, 'Equipamentos, sobressalentes de máquinas, motor de navios e esquadra'),
(39, 'Outros Materiais Permanentes'),
(40, 'Terrenos'),
(41, 'Edificações'),
(42, 'Softwares'),
(43, 'Marcas, Direitos e Patentes'),
(44, 'Praças, Parques e Bosques'),
(45, 'Ruas, Logradouros e Estradas'),
(46, 'Pontes e Viadutos'),
(47, 'Outros Bens de Uso Comum do Povo'),
(48, 'Instalações'),
(49, 'Outros Bens de Uso Especial'),
(50, 'Outros Bens Dominicais TIPOS DE DETALHAMENTOS DE BENS');

-- TIPOS DE AGRUPAMENTOS DE BENS (tabela de domínio)
CREATE TABLE IF NOT EXISTS simam.TipoAgrupamentoBem
(
    idTipoNaturezaBem Int64,
    idTipoCategoriaBem Int64,
    idTipoDetalhamentoBem Int64,
    idTipoUtilizacaoBem Int64,
    dsDetalhamento String,
    idTipoMedidor Int64,
    flUsaCombustivel String,
    flExigeRenavam String,
    flAceitaMovimento String
)
ENGINE = MergeTree
ORDER BY idTipoNaturezaBem;
INSERT INTO simam.TipoAgrupamentoBem (idTipoNaturezaBem, idTipoCategoriaBem, idTipoDetalhamentoBem, idTipoUtilizacaoBem, dsDetalhamento, idTipoMedidor, flUsaCombustivel, flExigeRenavam, flAceitaMovimento) VALUES
(1, 1, 1, 1, 'Avião', 2, 'S', 'N', 'N'),
(1, 1, 2, 1, 'Helicóptero', 2, 'S', 'N', 'N'),
(1, 1, 3, 1, 'Balão', 2, 'S', 'N', 'N'),
(1, 1, 4, 1, 'Planador', 3, 'N', 'N', 'N'),
(1, 1, 5, 1, 'Ultraleve', 3, 'N', 'N', 'N'),
(1, 1, 6, 1, 'Outras Aeronaves e afins', 2, 'S', 'N', 'N'),
(1, 2, 7, 1, 'Amperímetro', 3, 'N', 'N', 'N'),
(1, 2, 8, 1, 'Aparelho de Medição Meteorológica', 3, 'N', 'N', 'N'),
(1, 2, 9, 1, 'Balanças em Geral', 3, 'N', 'N', 'N'),
(1, 2, 10, 1, 'Bússola', 3, 'N', 'N', 'N'),
(1, 2, 11, 1, 'Calibrador de Pneus', 3, 'N', 'N', 'N'),
(1, 2, 12, 1, 'Cronômetro', 3, 'N', 'N', 'N'),
(1, 2, 13, 1, 'Hidrômetro', 3, 'N', 'N', 'N'),
(1, 2, 14, 1, 'Magnetômetro', 3, 'N', 'N', 'N'),
(1, 2, 15, 1, 'Manômetro', 3, 'N', 'N', 'N'),
(1, 2, 16, 1, 'Medidor de gás', 3, 'N', 'N', 'N'),
(1, 2, 17, 1, 'Mira-falante', 3, 'N', 'N', 'N'),
(1, 2, 18, 1, 'Níveis topográficos', 3, 'N', 'N', 'N'),
(1, 2, 19, 1, 'Osciloscópio', 3, 'N', 'N', 'N'),
(1, 2, 20, 1, 'Paquímetro', 3, 'N', 'N', 'N'),
(1, 2, 21, 1, 'Pirômetro', 3, 'N', 'N', 'N'),
(1, 2, 22, 1, 'Planímetro', 3, 'N', 'N', 'N'),
(1, 2, 23, 1, 'Psicrômetro', 3, 'N', 'N', 'N'),
(1, 2, 24, 1, 'Relógio medidor de luz', 3, 'N', 'N', 'N'),
(1, 2, 25, 1, 'Sonar', 3, 'N', 'N', 'N'),
(1, 2, 26, 1, 'Sonda', 3, 'N', 'N', 'N'),
(1, 2, 27, 1, 'Taquímetro', 3, 'N', 'N', 'N'),
(1, 2, 28, 1, 'Telêmetro', 3, 'N', 'N', 'N'),
(1, 2, 29, 1, 'Teodolito', 3, 'N', 'N', 'N'),
(1, 2, 30, 1, 'Turbímetro', 3, 'N', 'N', 'N'),
(1, 2, 31, 1, 'Outros Aparelhos de Medição e Afins', 3, 'N', 'N', 'N'),
(1, 3, 32, 1, 'Antena parabólica', 3, 'N', 'N', 'N'),
(1, 3, 33, 1, 'Aparelho de telefonia', 3, 'N', 'N', 'N'),
(1, 3, 34, 1, 'Bloqueador telefônico', 3, 'N', 'N', 'N'),
(1, 3, 35, 1, 'Central telefônica', 3, 'N', 'N', 'N'),
(1, 3, 36, 1, 'Detector de chamadas telefônicas', 3, 'N', 'N', 'N'),
(1, 3, 37, 1, 'Fac-símile', 3, 'N', 'N', 'N'),
(1, 3, 38, 1, 'Fonógrafo', 3, 'N', 'N', 'N'),
(1, 3, 39, 1, 'Interfone', 3, 'N', 'N', 'N'),
(1, 3, 40, 1, 'PABX', 3, 'N', 'N', 'N'),
(1, 3, 41, 1, 'Rádio receptor', 3, 'N', 'N', 'N'),
(1, 3, 42, 1, 'Rádio telegrafia', 3, 'N', 'N', 'N'),
(1, 3, 43, 1, 'Rádio telex', 3, 'N', 'N', 'N'),
(1, 3, 44, 1, 'Rádio transmissor', 3, 'N', 'N', 'N'),
(1, 3, 45, 1, 'Secretária eletrônica', 3, 'N', 'N', 'N'),
(1, 3, 46, 1, 'Telespeaker', 3, 'N', 'N', 'N'),
(1, 3, 47, 1, 'Outros Aparelhos de Comunicação e afins', 3, 'N', 'N', 'N'),
(1, 4, 48, 1, 'Afastador', 3, 'N', 'N', 'N'),
(1, 4, 49, 1, 'Alargador', 3, 'N', 'N', 'N'),
(1, 4, 50, 1, 'Aparelho de esterilização', 3, 'N', 'N', 'N'),
(1, 4, 52, 1, 'Aparelho de transfusão de sangue', 3, 'N', 'N', 'N'),
(1, 4, 53, 1, 'Aparelho infravermelho', 3, 'N', 'N', 'N'),
(1, 4, 54, 1, 'Aparelho para inalação', 3, 'N', 'N', 'N'),
(1, 4, 55, 1, 'Aparelho de ultravioleta', 3, 'N', 'N', 'N'),
(1, 4, 56, 1, 'Balança pediátrica', 3, 'N', 'N', 'N'),
(1, 4, 57, 1, 'Berço aquecido', 3, 'N', 'N', 'N'),
(1, 4, 58, 1, 'Biombo', 3, 'N', 'N', 'N'),
(1, 4, 59, 1, 'Boticão', 3, 'N', 'N', 'N'),
(1, 4, 60, 1, 'Cadeira de dentista', 3, 'N', 'N', 'N'),
(1, 4, 61, 1, 'Cadeira de rodas', 3, 'N', 'N', 'N'),
(1, 4, 62, 1, 'Câmara de infravermelho', 3, 'N', 'N', 'N'),
(1, 4, 63, 1, 'Câmara de oxigênio', 3, 'N', 'N', 'N'),
(1, 4, 64, 1, 'Câmara de radioterapia', 3, 'N', 'N', 'N'),
(1, 4, 65, 1, 'Carro-maca', 3, 'N', 'N', 'N'),
(1, 4, 66, 1, 'Centrifugador', 3, 'N', 'N', 'N'),
(1, 4, 67, 1, 'Destilador', 3, 'N', 'N', 'N'),
(1, 4, 68, 1, 'Eletro-analisador', 3, 'N', 'N', 'N'),
(1, 4, 69, 1, 'Eletrocardiográfico', 3, 'N', 'N', 'N'),
(1, 4, 70, 1, 'Estetoscópio', 3, 'N', 'N', 'N'),
(1, 4, 71, 1, 'Estufa', 3, 'N', 'N', 'N'),
(1, 4, 72, 1, 'Maca', 3, 'N', 'N', 'N'),
(1, 4, 73, 1, 'Medidor de pressão arterial (esfignomanômetro)', 3, 'N', 'N', 'N'),
(1, 4, 74, 1, 'Megatoscópio', 3, 'N', 'N', 'N'),
(1, 4, 75, 1, 'Mesa para exames clínicos', 3, 'N', 'N', 'N'),
(1, 4, 76, 1, 'Microscópio', 3, 'N', 'N', 'N'),
(1, 4, 77, 1, 'Tenda de oxigênio', 3, 'N', 'N', 'N'),
(1, 4, 78, 1, 'Termocautério', 3, 'N', 'N', 'N Outros Aparelhos e Equipamentos Médico-Odontológico, Laboratorial'),
(1, 4, 79, 1, '3', 0, 'N', 'N', 'N e Hospitalar'),
(1, 5, 80, 1, 'Arco', 3, 'N', 'N', 'N'),
(1, 5, 81, 1, 'Baliza', 3, 'N', 'N', 'N'),
(1, 5, 82, 1, 'Barco de regata', 3, 'N', 'N', 'N'),
(1, 5, 83, 1, 'Barra', 3, 'N', 'N', 'N'),
(1, 5, 84, 1, 'Bastão', 3, 'N', 'N', 'N'),
(1, 5, 85, 1, 'Bicicleta ergométrica', 3, 'N', 'N', 'N'),
(1, 5, 86, 1, 'Carneiro de madeira', 3, 'N', 'N', 'N'),
(1, 5, 87, 1, 'Carrossel', 3, 'N', 'N', 'N'),
(1, 5, 88, 1, 'Cavalo', 3, 'N', 'N', 'N'),
(1, 5, 89, 1, 'Dardo', 3, 'N', 'N', 'N'),
(1, 5, 90, 1, 'Deslizador', 3, 'N', 'N', 'N'),
(1, 5, 91, 1, 'Disco', 3, 'N', 'N', 'N'),
(1, 5, 92, 1, 'Halteres', 3, 'N', 'N', 'N'),
(1, 5, 93, 1, 'Martelo', 3, 'N', 'N', 'N'),
(1, 5, 94, 1, 'Peso', 3, 'N', 'N', 'N'),
(1, 5, 95, 1, 'Placar', 3, 'N', 'N', 'N'),
(1, 5, 96, 1, 'Remo', 3, 'N', 'N', 'N'),
(1, 5, 97, 1, 'Vara de salto', 3, 'N', 'N', 'N'),
(1, 5, 98, 1, 'Outros Aparelhos e Equipamentos para Esportes e Diversões', 3, 'N', 'N', 'N'),
(1, 6, 99, 1, 'Aparelhos de copa e cozinha', 3, 'N', 'N', 'N'),
(1, 6, 100, 1, 'Aspirador de pó', 3, 'N', 'N', 'N'),
(1, 6, 101, 1, 'Batedeira', 3, 'N', 'N', 'N'),
(1, 6, 102, 1, 'Botijão de gás', 3, 'N', 'N', 'N'),
(1, 6, 103, 1, 'Cafeteira elétrica', 3, 'N', 'N', 'N'),
(1, 6, 104, 1, 'Chuveiro ou ducha elétrica', 3, 'N', 'N', 'N'),
(1, 6, 106, 1, 'Condicionador de ar (móvel)', 3, 'N', 'N', 'N'),
(1, 6, 107, 1, 'Conjunto de chá/café/jantar', 3, 'N', 'N', 'N'),
(1, 6, 108, 1, 'Escada portátil', 3, 'N', 'N', 'N'),
(1, 6, 109, 1, 'Enceradeira', 3, 'N', 'N', 'N'),
(1, 6, 110, 1, 'Exaustor', 3, 'N', 'N', 'N'),
(1, 6, 111, 1, 'Faqueiro', 3, 'N', 'N', 'N'),
(1, 6, 112, 1, 'Filtro de água', 3, 'N', 'N', 'N'),
(1, 6, 113, 1, 'Fogão', 3, 'N', 'N', 'N'),
(1, 6, 114, 1, 'Forno de micro-ondas', 3, 'N', 'N', 'N'),
(1, 6, 115, 1, 'Geladeira', 3, 'N', 'N', 'N'),
(1, 6, 116, 1, 'Grill', 3, 'N', 'N', 'N'),
(1, 6, 117, 1, 'Liquidificador', 3, 'N', 'N', 'N'),
(1, 6, 118, 1, 'Máquina de lavar louca', 3, 'N', 'N', 'N'),
(1, 6, 119, 1, 'Máquina de moer café', 3, 'N', 'N', 'N'),
(1, 6, 120, 1, 'Máquina de secar pratos', 3, 'N', 'N', 'N'),
(1, 6, 121, 1, 'Secador de prato', 3, 'N', 'N', 'N'),
(1, 6, 122, 1, 'Tábua de passar roupas', 3, 'N', 'N', 'N'),
(1, 6, 123, 1, 'Torneira elétrica', 3, 'N', 'N', 'N'),
(1, 6, 124, 1, 'Torradeira elétrica', 3, 'N', 'N', 'N'),
(1, 6, 125, 1, 'Umidificador de ar', 3, 'N', 'N', 'N'),
(1, 6, 126, 1, 'Outros Aparelhos e Utensílios Domésticos', 3, 'N', 'N', 'N'),
(1, 7, 127, 1, 'Tiro tenso', 3, 'N', 'N', 'N'),
(1, 7, 128, 1, 'Tiro curvo', 3, 'N', 'N', 'N'),
(1, 7, 129, 1, 'Central de tiro', 3, 'N', 'N', 'N'),
(1, 7, 130, 1, 'Rebocáveis ou motorizadas', 3, 'N', 'N', 'N'),
(1, 7, 131, 1, 'Rampas lançadoras de foguetes motorizadas', 3, 'N', 'N', 'N'),
(1, 7, 132, 1, 'Fuzil', 3, 'N', 'N', 'N'),
(1, 7, 133, 1, 'Metralhadora', 3, 'N', 'N', 'N'),
(1, 7, 134, 1, 'Pistola', 3, 'N', 'N', 'N'),
(1, 7, 135, 1, 'Revólver', 3, 'N', 'N', 'N'),
(1, 7, 136, 1, 'Outros Tipos de Armamentos', 3, 'N', 'N', 'N'),
(1, 8, 137, 1, 'Álbum de caráter educativo', 3, 'N', 'N', 'N'),
(1, 8, 138, 1, 'Coleções e materiais bibliográficos informatizados', 3, 'N', 'N', 'N'),
(1, 8, 139, 1, 'Dicionários', 3, 'N', 'N', 'N'),
(1, 8, 140, 1, 'Enciclopédia', 3, 'N', 'N', 'N'),
(1, 8, 141, 1, 'Ficha bibliográfica', 3, 'N', 'N', 'N'),
(1, 8, 142, 1, 'Jornal e revista (que constitua documentário)', 3, 'N', 'N', 'N'),
(1, 8, 143, 1, 'Livro', 3, 'N', 'N', 'N'),
(1, 8, 144, 1, 'Mapa', 3, 'N', 'N', 'N'),
(1, 8, 145, 1, 'Material folclórico', 3, 'N', 'N', 'N'),
(1, 8, 146, 1, 'Partitura musical', 3, 'N', 'N', 'N'),
(1, 8, 147, 1, 'Publicações e documentos especializados destinados a bibliotecas', 3, 'N', 'N', 'N'),
(1, 8, 148, 1, 'Repertório legislativo', 3, 'N', 'N', 'N'),
(1, 8, 149, 1, 'Outros Materiais Bibliográficos e afins', 3, 'N', 'N', 'N'),
(1, 9, 150, 1, 'Disco educativo', 3, 'N', 'N', 'N'),
(1, 9, 151, 1, 'Fita de áudio e vídeo com aula de caráter educativo', 3, 'N', 'N', 'N'),
(1, 9, 152, 1, 'Microfilme', 3, 'N', 'N', 'N'),
(1, 9, 153, 1, 'Outros Materiais de Discotecas e Filmotecas', 3, 'N', 'N', 'N'),
(1, 10, 154, 1, 'Canoa', 3, 'N', 'N', 'N'),
(1, 10, 155, 1, 'Casa flutuante', 3, 'S', 'N', 'N'),
(1, 10, 156, 1, 'Chata', 2, 'S', 'N', 'N'),
(1, 10, 157, 1, 'Lancha', 2, 'S', 'N', 'N'),
(1, 10, 158, 1, 'Navio', 1, 'S', 'N', 'N'),
(1, 10, 159, 1, 'Rebocador', 2, 'S', 'N', 'N'),
(1, 10, 161, 1, 'Outros tipos de Embarcações', 2, 'S', 'N', 'N'),
(1, 11, 162, 1, 'Barraca', 3, 'N', 'N', 'N'),
(1, 11, 163, 1, 'Bloqueios', 3, 'N', 'N', 'N'),
(1, 11, 164, 1, 'Cama de campanha', 3, 'N', 'N', 'N'),
(1, 11, 165, 1, 'Farol de comunicação – mesa de campanha', 3, 'N', 'N', 'N'),
(1, 11, 166, 1, 'Paraquedas', 3, 'N', 'N', 'N'),
(1, 11, 167, 1, 'Pistola de sinalização', 3, 'N', 'N', 'N'),
(1, 11, 168, 1, 'Sirene de campanha', 3, 'N', 'N', 'N'),
(1, 11, 169, 1, 'Outros Equipamentos e Manobra e Patrulhamento', 3, 'N', 'N', 'N'),
(1, 12, 170, 1, 'Alarme', 3, 'N', 'N', 'N'),
(1, 12, 171, 1, 'Algema', 3, 'N', 'N', 'N'),
(1, 12, 172, 1, 'Barraca para uso não militar', 3, 'N', 'N', 'N'),
(1, 12, 173, 1, 'Boia salva-vidas', 3, 'N', 'N', 'N'),
(1, 12, 174, 1, 'Cabine para guarda (guarita)', 3, 'N', 'N', 'N'),
(1, 12, 175, 1, 'Cofre', 3, 'N', 'N', 'N'),
(1, 12, 176, 1, 'Extintor de incêndio', 3, 'N', 'N', 'N'),
(1, 12, 177, 1, 'Para-raios', 3, 'N', 'N', 'N'),
(1, 12, 178, 1, 'Sinalizador de garagem', 3, 'N', 'N', 'N'),
(1, 12, 179, 1, 'Porta giratória', 3, 'N', 'N', 'N'),
(1, 12, 180, 1, 'Circuito interno de televisão', 3, 'N', 'N', 'N'),
(1, 12, 181, 1, 'Outros Equipamentos de Proteção, Segurança e Socorro', 3, 'N', 'N', 'N'),
(1, 13, 182, 1, 'Acordeão', 3, 'N', 'N', 'N'),
(1, 13, 183, 1, 'Afinadores', 3, 'N', 'N', 'N'),
(1, 13, 184, 1, 'Afoxé', 3, 'N', 'N', 'N'),
(1, 13, 185, 1, 'Agogô', 3, 'N', 'N', 'N'),
(1, 13, 186, 1, 'Alaúde', 3, 'N', 'N', 'N'),
(1, 13, 187, 1, 'Atabaque', 3, 'N', 'N', 'N'),
(1, 13, 188, 1, 'Baixo', 3, 'N', 'N', 'N'),
(1, 13, 189, 1, 'Baixo elétrico', 3, 'N', 'N', 'N'),
(1, 13, 190, 1, 'Balalaica', 3, 'N', 'N', 'N'),
(1, 13, 191, 1, 'Bancos de pé', 3, 'N', 'N', 'N'),
(1, 13, 192, 1, 'Bandolim', 3, 'N', 'N', 'N'),
(1, 13, 193, 1, 'Bandoneon', 3, 'N', 'N', 'N'),
(1, 13, 194, 1, 'Banjo', 3, 'N', 'N', 'N'),
(1, 13, 195, 1, 'Batá', 3, 'N', 'N', 'N'),
(1, 13, 196, 1, 'Bateria (pratos)', 3, 'N', 'N', 'N'),
(1, 13, 197, 1, 'Bateria (tambores)', 3, 'N', 'N', 'N'),
(1, 13, 198, 1, 'Berimbau', 3, 'N', 'N', 'N'),
(1, 13, 199, 1, 'Berrante', 3, 'N', 'N', 'N'),
(1, 13, 200, 1, 'Bloco sonoro', 3, 'N', 'N', 'N'),
(1, 13, 201, 1, 'Bombardino', 3, 'N', 'N', 'N'),
(1, 13, 202, 1, 'Bumbo (um tipo de tambor)', 3, 'N', 'N', 'N'),
(1, 13, 203, 1, 'Caixa', 3, 'N', 'N', 'N'),
(1, 13, 204, 1, 'Caneca', 3, 'N', 'N', 'N'),
(1, 13, 205, 1, 'Captador', 3, 'N', 'N', 'N'),
(1, 13, 206, 1, 'Carrilhão', 3, 'N', 'N', 'N'),
(1, 13, 207, 1, 'Castanhola', 3, 'N', 'N', 'N'),
(1, 13, 208, 1, 'Cavaquinho', 3, 'N', 'N', 'N'),
(1, 13, 209, 1, 'Caxixi', 3, 'N', 'N', 'N'),
(1, 13, 210, 1, 'Celesta', 3, 'N', 'N', 'N'),
(1, 13, 211, 1, 'Cembalo', 3, 'N', 'N', 'N'),
(1, 13, 212, 1, 'Charango', 3, 'N', 'N', 'N'),
(1, 13, 213, 1, 'Chimbal', 3, 'N', 'N', 'N'),
(1, 13, 214, 1, 'Chocalho', 3, 'N', 'N', 'N'),
(1, 13, 216, 1, 'Cítara', 3, 'N', 'N', 'N'),
(1, 13, 217, 1, 'Clarineta (ou clarinete)', 3, 'N', 'N', 'N'),
(1, 13, 218, 1, 'Clarone', 3, 'N', 'N', 'N'),
(1, 13, 219, 1, 'Clavicórdio', 3, 'N', 'N', 'N'),
(1, 13, 220, 1, 'Concertina', 3, 'N', 'N', 'N'),
(1, 13, 221, 1, 'Contrabaixo', 3, 'N', 'N', 'N'),
(1, 13, 222, 1, 'Corne-inglês', 3, 'N', 'N', 'N'),
(1, 13, 223, 1, 'Craviola', 3, 'N', 'N', 'N'),
(1, 13, 224, 1, 'Cravo', 3, 'N', 'N', 'N'),
(1, 13, 225, 1, 'Cuíca', 3, 'N', 'N', 'N'),
(1, 13, 226, 1, 'Diapasão', 3, 'N', 'N', 'N'),
(1, 13, 227, 1, 'Didjeridoo', 3, 'N', 'N', 'N'),
(1, 13, 228, 1, 'Djembê', 3, 'N', 'N', 'N'),
(1, 13, 229, 1, 'Dulciana', 3, 'N', 'N', 'N'),
(1, 13, 230, 1, 'Dulcimer', 3, 'N', 'N', 'N'),
(1, 13, 231, 1, 'Encordoamentos', 3, 'N', 'N', 'N'),
(1, 13, 232, 1, 'Escaleta (ou piânica)', 3, 'N', 'N', 'N'),
(1, 13, 233, 1, 'Espineta', 3, 'N', 'N', 'N'),
(1, 13, 234, 1, 'Estojos', 3, 'N', 'N', 'N'),
(1, 13, 235, 1, 'Fagote', 3, 'N', 'N', 'N'),
(1, 13, 236, 1, 'Flauta baixa', 3, 'N', 'N', 'N'),
(1, 13, 237, 1, 'Flauta doce', 3, 'N', 'N', 'N'),
(1, 13, 238, 1, 'Flauta transversal (Flauta)', 3, 'N', 'N', 'N'),
(1, 13, 239, 1, 'Flautim', 3, 'N', 'N', 'N'),
(1, 13, 240, 1, 'Flugelhorn', 3, 'N', 'N', 'N'),
(1, 13, 241, 1, 'Gaita', 3, 'N', 'N', 'N'),
(1, 13, 242, 1, 'Gaita-de-fole', 3, 'N', 'N', 'N'),
(1, 13, 243, 1, 'Ganzá', 3, 'N', 'N', 'N'),
(1, 13, 244, 1, 'Guitarra', 3, 'N', 'N', 'N'),
(1, 13, 245, 1, 'Guitarra acústica', 3, 'N', 'N', 'N'),
(1, 13, 246, 1, 'Guitarra eléctrica', 3, 'N', 'N', 'N'),
(1, 13, 247, 1, 'Guitarra inglesa', 3, 'N', 'N', 'N'),
(1, 13, 248, 1, 'Guitarra portuguesa', 3, 'N', 'N', 'N'),
(1, 13, 249, 1, 'Guitarra semiacústica', 3, 'N', 'N', 'N'),
(1, 13, 250, 1, 'Guitolão', 3, 'N', 'N', 'N'),
(1, 13, 251, 1, 'Harpa', 3, 'N', 'N', 'N'),
(1, 13, 252, 1, 'Kantele - (Derivado da Cítara)', 3, 'N', 'N', 'N'),
(1, 13, 253, 1, 'Kora', 3, 'N', 'N', 'N'),
(1, 13, 254, 1, 'Koto', 3, 'N', 'N', 'N'),
(1, 13, 255, 1, 'Lira', 3, 'N', 'N', 'N'),
(1, 13, 256, 1, 'Manivelas', 3, 'N', 'N', 'N'),
(1, 13, 257, 1, 'Marimba', 3, 'N', 'N', 'N'),
(1, 13, 258, 1, 'Oboé', 3, 'N', 'N', 'N'),
(1, 13, 259, 1, 'Ocarina', 3, 'N', 'N', 'N'),
(1, 13, 260, 1, 'Ondas Martenot', 3, 'N', 'N', 'N'),
(1, 13, 261, 1, 'Órgão', 3, 'N', 'N', 'N'),
(1, 13, 262, 1, 'Órgão eletrônico', 3, 'N', 'N', 'N'),
(1, 13, 263, 1, 'Palhetas', 3, 'N', 'N', 'N'),
(1, 13, 264, 1, 'Pandeireta (pele)', 3, 'N', 'N', 'N'),
(1, 13, 265, 1, 'Pandeireta (soalhas)', 3, 'N', 'N', 'N'),
(1, 13, 266, 1, 'Pandeiro (pele)', 3, 'N', 'N', 'N'),
(1, 13, 267, 1, 'Pandeiro (soalhas)', 3, 'N', 'N', 'N'),
(1, 13, 268, 1, 'Pandeirola', 3, 'N', 'N', 'N'),
(1, 13, 269, 1, 'Piano', 3, 'N', 'N', 'N'),
(1, 13, 271, 1, 'Piano digital', 3, 'N', 'N', 'N'),
(1, 13, 272, 1, 'Pífaro', 3, 'N', 'N', 'N'),
(1, 13, 273, 1, 'Pife brasileiro', 3, 'N', 'N', 'N'),
(1, 13, 274, 1, 'Pratos', 3, 'N', 'N', 'N'),
(1, 13, 275, 1, 'Rabeca', 3, 'N', 'N', 'N'),
(1, 13, 276, 1, 'Rebab', 3, 'N', 'N', 'N'),
(1, 13, 277, 1, 'Reco-reco', 3, 'N', 'N', 'N'),
(1, 13, 278, 1, 'Repinique', 3, 'N', 'N', 'N'),
(1, 13, 279, 1, 'Saltério', 3, 'N', 'N', 'N'),
(1, 13, 280, 1, 'Sampler', 3, 'N', 'N', 'N'),
(1, 13, 281, 1, 'Sanfona', 3, 'N', 'N', 'N'),
(1, 13, 282, 1, 'Sangen', 3, 'N', 'N', 'N'),
(1, 13, 283, 1, 'Saxofone (soprano, alto, baixo, tenor)', 3, 'N', 'N', 'N'),
(1, 13, 284, 1, 'Sino', 3, 'N', 'N', 'N'),
(1, 13, 285, 1, 'Sinos tubulares', 3, 'N', 'N', 'N'),
(1, 13, 286, 1, 'Sintetizador', 3, 'N', 'N', 'N'),
(1, 13, 287, 1, 'Sitar', 3, 'N', 'N', 'N'),
(1, 13, 288, 1, 'Surdo', 3, 'N', 'N', 'N'),
(1, 13, 289, 1, 'Tambor', 3, 'N', 'N', 'N'),
(1, 13, 290, 1, 'Tamborim', 3, 'N', 'N', 'N'),
(1, 13, 291, 1, 'Tantã', 3, 'N', 'N', 'N'),
(1, 13, 292, 1, 'Tarol (um tipo de tambor)', 3, 'N', 'N', 'N'),
(1, 13, 293, 1, 'Tarrachas', 3, 'N', 'N', 'N'),
(1, 13, 294, 1, 'Teclado', 3, 'N', 'N', 'N'),
(1, 13, 295, 1, 'Teremim', 3, 'N', 'N', 'N'),
(1, 13, 296, 1, 'Tom-tom', 3, 'N', 'N', 'N'),
(1, 13, 297, 1, 'Triângulo(ferrinhos)', 3, 'N', 'N', 'N'),
(1, 13, 298, 1, 'Trombone (Trombone de vara, alto, baixo)', 3, 'N', 'N', 'N'),
(1, 13, 299, 1, 'Trompa', 3, 'N', 'N', 'N'),
(1, 13, 300, 1, 'Trompete (de pisto, de chave)', 3, 'N', 'N', 'N'),
(1, 13, 301, 1, 'Tuba (ou Bombardon)', 3, 'N', 'N', 'N'),
(1, 13, 302, 1, 'Ukulele', 3, 'N', 'N', 'N'),
(1, 13, 303, 1, 'Viola', 3, 'N', 'N', 'N'),
(1, 13, 304, 1, 'Viola caipira', 3, 'N', 'N', 'N'),
(1, 13, 305, 1, 'Viola da gamba', 3, 'N', 'N', 'N'),
(1, 13, 306, 1, 'Viola-de-cocho', 3, 'N', 'N', 'N'),
(1, 13, 307, 1, 'Violino', 3, 'N', 'N', 'N'),
(1, 13, 308, 1, 'Violoncelo', 3, 'N', 'N', 'N'),
(1, 13, 309, 1, 'Xequerê', 3, 'N', 'N', 'N'),
(1, 13, 310, 1, 'Xilofone', 3, 'N', 'N', 'N'),
(1, 13, 311, 1, 'Zabumba', 3, 'N', 'N', 'N'),
(1, 13, 312, 1, 'Outros Instrumentos Musicais, Artísticos e Afins', 3, 'N', 'N', 'N'),
(1, 14, 313, 1, 'Balcão frigorífico', 3, 'N', 'N', 'N'),
(1, 14, 314, 1, 'Betoneira', 3, 'N', 'N', 'N'),
(1, 14, 315, 1, 'Exaustor industrial', 3, 'N', 'N', 'N'),
(1, 14, 316, 1, 'Forno e torradeira industrial', 3, 'N', 'N', 'N'),
(1, 14, 317, 1, 'Geladeira industrial', 3, 'N', 'N', 'N'),
(1, 14, 318, 1, 'Máquina de fabricação de laticínios', 3, 'N', 'N', 'N'),
(1, 14, 319, 1, 'Máquina de fabricação de tecidos', 3, 'N', 'N', 'N'),
(1, 14, 320, 1, 'Motores - Natureza Industrial', 3, 'S', 'N', 'N'),
(1, 14, 321, 1, 'Outras Máquinas e Equipamentos de Natureza Industrial', 3, 'N', 'N', 'N'),
(1, 0, 0, 0, '', 0, '', '', ''),
(1, 14, 696, 1, 'S', 0, 'N', 'N', 'S Hodômetro)'),
(1, 0, 0, 0, '', 0, '', '', ''),
(1, 14, 698, 1, 'Outros Equipamentos que consomem Combustível (sem medidor)', 3, 'S', 'N', 'N'),
(1, 15, 322, 1, 'Alternador energético', 3, 'N', 'N', 'N'),
(1, 15, 323, 1, 'Carregador de bateria', 3, 'N', 'N', 'N'),
(1, 15, 324, 1, 'Chave automática', 3, 'N', 'N', 'N'),
(1, 15, 325, 1, 'Estabilizador', 3, 'N', 'N', 'N'),
(1, 15, 326, 1, 'Gerador', 3, 'N', 'N', 'N'),
(1, 15, 327, 1, 'Haste de contato', 3, 'N', 'N', 'N'),
(1, 15, 328, 1, 'Nobreak', 3, 'N', 'N', 'N'),
(1, 15, 329, 1, 'Poste de iluminação', 3, 'N', 'N', 'N'),
(1, 15, 330, 1, 'Retificador', 3, 'N', 'N', 'N'),
(1, 15, 331, 1, 'Transformador de voltagem', 3, 'N', 'N', 'N'),
(1, 15, 332, 1, 'Trilho', 3, 'N', 'N', 'N'),
(1, 15, 333, 1, 'Truck-tunga', 3, 'N', 'N', 'N'),
(1, 15, 334, 1, 'Turbina (hidrelétrica)', 3, 'N', 'N', 'N'),
(1, 15, 335, 1, 'Outras Máquinas e Equipamentos Energéticos', 3, 'N', 'N', 'N'),
(1, 16, 336, 1, 'Aparelho para encadernação', 3, 'N', 'N', 'N'),
(1, 16, 337, 1, 'Copiadora', 3, 'N', 'N', 'N'),
(1, 16, 338, 1, 'Cortadeira elétrica', 3, 'N', 'N', 'N'),
(1, 16, 339, 1, 'Costuradora de papel', 3, 'N', 'N', 'N'),
(1, 16, 340, 1, 'Duplicadora', 3, 'N', 'N', 'N'),
(1, 16, 341, 1, 'Grampeadeira', 3, 'N', 'N', 'N'),
(1, 16, 342, 1, 'Gravadora de extenso', 3, 'N', 'N', 'N'),
(1, 16, 343, 1, 'Guilhotina', 3, 'N', 'N', 'N'),
(1, 16, 344, 1, 'Linotipo', 3, 'N', 'N', 'N'),
(1, 16, 345, 1, 'Máquina de OFF-Set', 3, 'N', 'N', 'N'),
(1, 16, 346, 1, 'Operadora de ilhoses', 3, 'N', 'N', 'N'),
(1, 16, 347, 1, 'Picotadeira', 3, 'N', 'N', 'N'),
(1, 16, 348, 1, 'Teleimpressora', 3, 'N', 'N', 'N'),
(1, 16, 349, 1, 'Receptadora de páginas', 3, 'N', 'N', 'N'),
(1, 16, 350, 1, 'Outras Máquinas e Equipamentos Gráficos', 3, 'N', 'N', 'N'),
(1, 17, 351, 1, 'Amplificador de som', 3, 'N', 'N', 'N'),
(1, 17, 352, 1, 'Caixa acústica', 3, 'N', 'N', 'N'),
(1, 17, 353, 1, 'Data show', 3, 'N', 'N', 'N'),
(1, 17, 354, 1, 'Eletrola', 3, 'N', 'N', 'N'),
(1, 17, 355, 1, 'Equalizador de som', 3, 'N', 'N', 'N'),
(1, 17, 356, 1, 'Filmadora', 3, 'N', 'N', 'N'),
(1, 17, 357, 1, 'Flash eletrônico', 3, 'N', 'N', 'N'),
(1, 17, 358, 1, 'Fone de ouvido', 3, 'N', 'N', 'N'),
(1, 17, 359, 1, 'Gravador de som', 3, 'N', 'N', 'N'),
(1, 17, 360, 1, 'Máquina fotográfica', 3, 'N', 'N', 'N'),
(1, 17, 361, 1, 'Microfilmadora', 3, 'N', 'N', 'N'),
(1, 17, 362, 1, 'Microfone', 3, 'N', 'N', 'N'),
(1, 17, 363, 1, 'Projetor', 3, 'N', 'N', 'N'),
(1, 17, 364, 1, 'Rádio', 3, 'N', 'N', 'N'),
(1, 17, 365, 1, 'Rebobinadora', 3, 'N', 'N', 'N'),
(1, 17, 366, 1, 'Retro-projetor', 3, 'N', 'N', 'N'),
(1, 17, 367, 1, 'Sintonizador de som', 3, 'N', 'N', 'N'),
(1, 17, 368, 1, 'Tanques para revelação de filmes', 3, 'N', 'N', 'N'),
(1, 17, 369, 1, 'Tape-deck', 3, 'N', 'N', 'N'),
(1, 17, 370, 1, 'Televisor', 3, 'N', 'N', 'N'),
(1, 17, 371, 1, 'Tela para projeção', 3, 'N', 'N', 'N'),
(1, 17, 372, 1, 'Toca-discos', 3, 'N', 'N', 'N'),
(1, 17, 373, 1, 'Vídeo-cassete', 3, 'N', 'N', 'N'),
(1, 17, 374, 1, 'Outros Equipamentos para Áudio, Vídeo e Foto', 3, 'N', 'N', 'N'),
(1, 18, 376, 1, 'Aparelho de Ar Condicionado', 3, 'N', 'N', 'N'),
(1, 18, 377, 1, 'Bebedouro', 3, 'N', 'N', 'N'),
(1, 18, 378, 1, 'Carrinho de Feira', 3, 'N', 'N', 'N'),
(1, 18, 379, 1, 'Container', 3, 'N', 'N', 'N'),
(1, 18, 380, 1, 'Furadeira', 3, 'N', 'N', 'N'),
(1, 18, 381, 1, 'Maleta Executiva', 3, 'N', 'N', 'N'),
(1, 18, 382, 1, 'Urna Eleitoral', 3, 'N', 'N', 'N'),
(1, 18, 383, 1, 'Ventilador de Coluna', 3, 'N', 'N', 'N'),
(1, 18, 384, 1, 'Ventilador de Mesa', 3, 'N', 'N', 'N'),
(1, 18, 385, 1, 'Outras Máquinas, Aparelhos, Equipamentos e Ferramentas', 3, 'N', 'N', 'N'),
(1, 19, 386, 1, 'Caneta Óptica', 3, 'N', 'N', 'N'),
(1, 19, 387, 1, 'Computador', 3, 'N', 'N', 'N'),
(1, 19, 388, 1, 'Controladora de Linhas', 3, 'N', 'N', 'N'),
(1, 19, 389, 1, 'Data show', 3, 'N', 'N', 'N'),
(1, 19, 390, 1, 'Fitas e Discos Magnéticos', 3, 'N', 'N', 'N'),
(1, 19, 391, 1, 'Impressora', 3, 'N', 'N', 'N'),
(1, 19, 392, 1, 'Kit Multimídia', 3, 'N', 'N', 'N'),
(1, 19, 393, 1, 'Leitora', 3, 'N', 'N', 'N'),
(1, 19, 394, 1, 'Micro', 3, 'N', 'N', 'N'),
(1, 19, 395, 1, 'Minicomputadores', 3, 'N', 'N', 'N'),
(1, 19, 396, 1, 'Mesa Digitalizadora', 3, 'N', 'N', 'N'),
(1, 19, 397, 1, 'Modem', 3, 'N', 'N', 'N'),
(1, 19, 398, 1, 'Monitor de Vídeo', 3, 'N', 'N', 'N'),
(1, 19, 399, 1, 'Placas', 3, 'N', 'N', 'N'),
(1, 19, 400, 1, 'Processador', 3, 'N', 'N', 'N'),
(1, 19, 401, 1, 'Scanner', 3, 'N', 'N', 'N'),
(1, 19, 402, 1, 'Teclado para micro', 3, 'N', 'N', 'N'),
(1, 19, 403, 1, 'Urna Eletrônica', 3, 'N', 'N', 'N'),
(1, 19, 404, 1, 'Outros Equipamentos de Processamento de Dados', 3, 'N', 'N', 'N'),
(1, 20, 405, 1, 'Aparelho rotulador', 3, 'N', 'N', 'N'),
(1, 20, 406, 1, 'Apontador fixo (de mesa)', 3, 'N', 'N', 'N'),
(1, 20, 407, 1, 'Caixa registradora', 3, 'N', 'N', 'N'),
(1, 20, 408, 1, 'Carimbo digitador de metal', 3, 'N', 'N', 'N'),
(1, 20, 409, 1, 'Compasso', 3, 'N', 'N', 'N'),
(1, 20, 410, 1, 'Estojo para desenho', 3, 'N', 'N', 'N'),
(1, 20, 411, 1, 'Globo terrestre', 3, 'N', 'N', 'N'),
(1, 20, 412, 1, 'Grampeador (exceto de mesa)', 3, 'N', 'N', 'N'),
(1, 20, 413, 1, 'Máquina autenticadora', 3, 'N', 'N', 'N'),
(1, 20, 414, 1, 'Máquina de calcular', 3, 'N', 'N', 'N'),
(1, 20, 415, 1, 'Máquina de contabilidade', 3, 'N', 'N', 'N'),
(1, 20, 416, 1, 'Máquina de escrever', 3, 'N', 'N', 'N'),
(1, 20, 417, 1, 'Máquina franqueadora', 3, 'N', 'N', 'N'),
(1, 20, 418, 1, 'Normógrafo', 3, 'N', 'N', 'N'),
(1, 20, 419, 1, 'Pantógrafo', 3, 'N', 'N', 'N'),
(1, 20, 420, 1, 'Quebra-luz (luminária de mesa)', 3, 'N', 'N', 'N'),
(1, 20, 421, 1, 'Régua de precisão', 3, 'N', 'N', 'N'),
(1, 20, 422, 1, 'Régua T', 3, 'N', 'N', 'N'),
(1, 20, 423, 1, 'Relógio protocolador', 3, 'N', 'N', 'N'),
(1, 20, 424, 1, 'Outras Máquinas, Instalações e Utensílios de Escritório', 3, 'N', 'N', 'N'),
(1, 21, 425, 1, 'Analisador de motores', 3, 'N', 'N', 'N'),
(1, 21, 426, 1, 'Arcos de serra', 3, 'N', 'N', 'N'),
(1, 21, 427, 1, 'Bombra para esgotamento de tambores', 3, 'N', 'N', 'N'),
(1, 21, 428, 1, 'Compressor de ar', 3, 'N', 'N', 'N'),
(1, 21, 429, 1, 'Conjunto de oxigênio', 3, 'N', 'N', 'N'),
(1, 21, 431, 1, 'Conjunto para lubrificação', 3, 'N', 'N', 'N'),
(1, 21, 432, 1, 'Desbastadeira', 3, 'N', 'N', 'N'),
(1, 21, 433, 1, 'Desempenadeira', 3, 'N', 'N', 'N'),
(1, 21, 434, 1, 'Elevador hidráulico', 3, 'N', 'N', 'N'),
(1, 21, 435, 1, 'Esmerilhadeira', 3, 'N', 'N', 'N'),
(1, 21, 436, 1, 'Extrator de precisão', 3, 'N', 'N', 'N'),
(1, 21, 437, 1, 'Forja', 3, 'N', 'N', 'N'),
(1, 21, 438, 1, 'Fundidora para confecção de broca', 3, 'N', 'N', 'N'),
(1, 21, 439, 1, 'Laminadora', 3, 'N', 'N', 'N'),
(1, 21, 440, 1, 'Lavadora de carro', 3, 'N', 'N', 'N'),
(1, 21, 441, 1, 'Lixadeira', 3, 'N', 'N', 'N'),
(1, 21, 442, 1, 'Macaco mecânico', 3, 'N', 'N', 'N'),
(1, 21, 443, 1, 'Macaco hidráulico', 3, 'N', 'N', 'N'),
(1, 21, 444, 1, 'Mandril', 3, 'N', 'N', 'N'),
(1, 21, 445, 1, 'Marcador de velocidade', 3, 'N', 'N', 'N'),
(1, 21, 446, 1, 'Martelo mecânico', 3, 'N', 'N', 'N'),
(1, 21, 447, 1, 'Níveis de aço', 3, 'N', 'N', 'N'),
(1, 21, 448, 1, 'Níveis de madeira', 3, 'N', 'N', 'N'),
(1, 21, 449, 1, 'Pistola metalizadora', 3, 'N', 'N', 'N'),
(1, 21, 450, 1, 'Polidora', 3, 'N', 'N', 'N'),
(1, 21, 451, 1, 'Prensa', 3, 'N', 'N', 'N'),
(1, 21, 452, 1, 'Rebitadora', 3, 'N', 'N', 'N'),
(1, 21, 453, 1, 'Recipientes de ferro para combustíveis', 3, 'N', 'N', 'N'),
(1, 21, 454, 1, 'Saca-pino', 3, 'N', 'N', 'N'),
(1, 21, 455, 1, 'Serra de bancada', 3, 'N', 'N', 'N'),
(1, 21, 456, 1, 'Serra mecânica', 3, 'N', 'N', 'N'),
(1, 21, 457, 1, 'Talhas', 3, 'N', 'N', 'N'),
(1, 21, 458, 1, 'Tanques pra água', 3, 'N', 'N', 'N'),
(1, 21, 459, 1, 'Tarracha', 3, 'N', 'N', 'N'),
(1, 21, 460, 1, 'Testadora', 3, 'N', 'N', 'N'),
(1, 21, 461, 1, 'Torno mecânico', 3, 'N', 'N', 'N'),
(1, 21, 462, 1, 'Vulcanizadora', 3, 'N', 'N', 'N'),
(1, 21, 463, 1, 'Outras Máquinas, Ferramentas e Utensílios de Oficina', 3, 'N', 'N', 'N'),
(1, 22, 464, 1, 'Bomba d´água', 3, 'N', 'N', 'N'),
(1, 22, 465, 1, 'Bomba de desentupimento', 3, 'N', 'N', 'N'),
(1, 22, 466, 1, 'Bomba de irrigação', 3, 'N', 'N', 'N'),
(1, 22, 467, 1, 'Bomba de lubrificação', 3, 'N', 'N', 'N'),
(1, 22, 468, 1, 'Bomba de sucção', 3, 'N', 'N', 'N'),
(1, 22, 469, 1, 'Bomba de elevação de água e gasolina', 3, 'N', 'N', 'N'),
(1, 22, 470, 1, 'Carneiro hidráulico', 3, 'N', 'N', 'N'),
(1, 22, 471, 1, 'Desidratadora', 3, 'N', 'N', 'N'),
(1, 22, 472, 1, 'Máquina de tratamento de água', 3, 'N', 'N', 'N'),
(1, 22, 473, 1, 'Máquina de tratamento de esgoto', 3, 'N', 'N', 'N'),
(1, 22, 474, 1, 'Máquina de tratamento de lixo', 3, 'N', 'N', 'N'),
(1, 22, 475, 1, 'Moinho', 3, 'N', 'N', 'N'),
(1, 22, 476, 1, 'Roda d´água', 3, 'N', 'N', 'N'),
(1, 22, 477, 1, 'Outros Equipamentos e Utensílios Hidráulicos e Elétricos', 3, 'N', 'N', 'N'),
(1, 23, 478, 1, 'Arado', 3, 'N', 'N', 'N'),
(1, 23, 479, 1, 'Carregadora', 3, 'S', 'N', 'N'),
(1, 23, 480, 1, 'Ceifadeira', 3, 'S', 'N', 'N'),
(1, 23, 481, 1, 'Compactador', 2, 'S', 'N', 'N'),
(1, 23, 482, 1, 'Conjunto de irrigação', 3, 'N', 'N', 'N'),
(1, 23, 483, 1, 'Conjunto motobomba para irrigação', 3, 'S', 'N', 'N'),
(1, 23, 484, 1, 'Cultivador', 2, 'S', 'N', 'N'),
(1, 23, 486, 1, 'Escavadeira', 2, 'S', 'N', 'N'),
(1, 23, 487, 1, 'Forno de secagem', 3, 'S', 'N', 'N'),
(1, 23, 488, 1, 'Estufa de secagem ou amadurecimento', 3, 'N', 'N', 'N'),
(1, 23, 489, 1, 'Máquinas de beneficiamento', 3, 'S', 'N', 'N'),
(1, 23, 490, 1, 'Microtrator', 2, 'S', 'N', 'N'),
(1, 23, 491, 1, 'Misturador de ração', 3, 'S', 'N', 'N'),
(1, 23, 492, 1, 'Moinho agrícola', 3, 'S', 'N', 'N'),
(1, 23, 493, 1, 'Motoniveladora', 2, 'S', 'N', 'N'),
(1, 23, 494, 1, 'Motosserra', 3, 'S', 'N', 'N'),
(1, 23, 495, 1, 'Pasteurizador', 3, 'S', 'N', 'N'),
(1, 23, 496, 1, 'Picador de forragens', 3, 'S', 'N', 'N'),
(1, 23, 497, 1, 'Plaina terraceadora', 3, 'S', 'N', 'N'),
(1, 23, 498, 1, 'Plantadeira', 3, 'S', 'N', 'N'),
(1, 23, 499, 1, 'Pulverizador de tração animal', 3, 'N', 'N', 'N'),
(1, 23, 500, 1, 'Pulverizador de tração mecânica', 3, 'N', 'N', 'N'),
(1, 23, 501, 1, 'Rolo compressor', 2, 'S', 'N', 'N'),
(1, 23, 502, 1, 'Roçadeira', 3, 'S', 'N', 'N'),
(1, 23, 503, 1, 'Semeadeira', 3, 'S', 'N', 'N'),
(1, 23, 504, 1, 'Silo para depósito de cimento', 3, 'N', 'N', 'N'),
(1, 23, 505, 1, 'Sulcador', 3, 'N', 'N', 'N'),
(1, 23, 506, 1, 'Trator de roda', 2, 'S', 'N', 'N'),
(1, 23, 507, 1, 'Trator esteira', 2, 'S', 'N', 'N'),
(1, 0, 0, 0, '', 0, '', '', ''),
(1, 23, 508, 2, 'N', 0, 'N', 'N', 'S equipamentos agrícolas e rodoviários'),
(1, 24, 509, 1, 'Abajur', 3, 'N', 'N', 'N'),
(1, 24, 510, 1, 'Aparelho para apoiar os braços', 3, 'N', 'N', 'N'),
(1, 24, 511, 1, 'Armário', 3, 'N', 'N', 'N'),
(1, 24, 512, 1, 'Arquivo de Aço', 3, 'N', 'N', 'N'),
(1, 24, 513, 1, 'Arquivo de Madeira', 3, 'N', 'N', 'N'),
(1, 24, 514, 1, 'Balcão (tipo atendimento)', 3, 'N', 'N', 'N'),
(1, 24, 515, 1, 'Banco', 3, 'N', 'N', 'N'),
(1, 24, 516, 1, 'Banqueta', 3, 'N', 'N', 'N'),
(1, 24, 517, 1, 'Base para mastro', 3, 'N', 'N', 'N'),
(1, 24, 518, 1, 'Cadeira', 3, 'N', 'N', 'N'),
(1, 24, 519, 1, 'Cama', 3, 'N', 'N', 'N'),
(1, 24, 520, 1, 'Carrinho fichário', 3, 'N', 'N', 'N'),
(1, 24, 521, 1, 'Carteira Escolar', 3, 'N', 'N', 'N'),
(1, 24, 522, 1, 'Banco Escolar', 3, 'N', 'N', 'N'),
(1, 24, 523, 1, 'Charter negro', 3, 'N', 'N', 'N'),
(1, 24, 524, 1, 'Cinzeiro com pedestal', 3, 'N', 'N', 'N'),
(1, 24, 525, 1, 'Criado mudo', 3, 'N', 'N', 'N'),
(1, 24, 526, 1, 'Cristaleira', 3, 'N', 'N', 'N'),
(1, 24, 527, 1, 'Escrivaninha', 3, 'N', 'N', 'N'),
(1, 24, 528, 1, 'Espelho moldurado', 3, 'N', 'N', 'N'),
(1, 24, 529, 1, 'Estante de madeira', 3, 'N', 'N', 'N'),
(1, 24, 530, 1, 'Estante de aço', 3, 'N', 'N', 'N'),
(1, 24, 531, 1, 'Estofado', 3, 'N', 'N', 'N'),
(1, 24, 532, 1, 'Flipsharter', 3, 'N', 'N', 'N'),
(1, 24, 533, 1, 'Guarda-louça', 3, 'N', 'N', 'N'),
(1, 24, 534, 1, 'Guarda roupa', 3, 'N', 'N', 'N'),
(1, 24, 535, 1, 'Mapoteca', 3, 'N', 'N', 'N'),
(1, 24, 536, 1, 'Mesa', 3, 'N', 'N', 'N'),
(1, 24, 537, 1, 'Penteadeira', 3, 'N', 'N', 'N'),
(1, 24, 538, 1, 'Poltrona', 3, 'N', 'N', 'N'),
(1, 24, 540, 1, 'Prancheta para desenho', 3, 'N', 'N', 'N'),
(1, 24, 541, 1, 'Quadro de chaves', 3, 'N', 'N', 'N'),
(1, 24, 542, 1, 'Quadro imantado', 3, 'N', 'N', 'N'),
(1, 24, 543, 1, 'Quadro para editais e avisos', 3, 'N', 'N', 'N'),
(1, 24, 544, 1, 'Relógio de mesa', 3, 'N', 'N', 'N'),
(1, 24, 545, 1, 'Relógio de parede', 3, 'N', 'N', 'N'),
(1, 24, 546, 1, 'Relógio ponto', 3, 'N', 'N', 'N'),
(1, 24, 547, 1, 'Roupeiro', 3, 'N', 'N', 'N'),
(1, 24, 548, 1, 'Sofá', 3, 'N', 'N', 'N'),
(1, 24, 549, 1, 'Suporte para TV', 3, 'N', 'N', 'N'),
(1, 24, 550, 1, 'Suporte para Vídeo', 3, 'N', 'N', 'N'),
(1, 24, 551, 1, 'Suporte para bandeira (mastro)', 3, 'N', 'N', 'N'),
(1, 24, 552, 1, 'Vitrine', 3, 'N', 'N', 'N'),
(1, 24, 700, 1, 'Outros Mobiliários em Geral', 3, 'N', 'N', 'N'),
(1, 25, 553, 1, 'Alfaias em louça', 3, 'N', 'N', 'N'),
(1, 25, 554, 1, 'Documentos e Objetos históricos', 3, 'N', 'N', 'N'),
(1, 25, 555, 1, 'Esculturas', 3, 'N', 'N', 'N'),
(1, 25, 556, 1, 'Gravuras', 3, 'N', 'N', 'N'),
(1, 25, 557, 1, 'Molduras', 3, 'N', 'N', 'N'),
(1, 25, 558, 1, 'Peças em marfim', 3, 'N', 'N', 'N'),
(1, 25, 559, 1, 'Peças em cerâmica', 3, 'N', 'N', 'N'),
(1, 25, 560, 1, 'Pedestais especiais e similares', 3, 'N', 'N', 'N'),
(1, 25, 561, 1, 'Pinacotecas completas', 3, 'N', 'N', 'N'),
(1, 25, 562, 1, 'Pinturas em tela', 3, 'N', 'N', 'N'),
(1, 25, 563, 1, 'Porcelana', 3, 'N', 'N', 'N'),
(1, 25, 564, 1, 'Tapeçaria', 3, 'N', 'N', 'N'),
(1, 25, 565, 1, 'Trilhos para exposição de quadros', 3, 'N', 'N', 'N'),
(1, 25, 566, 1, 'Outras obras de arte e peças para Museu', 3, 'N', 'N', 'N'),
(1, 26, 567, 1, 'Animais não destinados laboratório ou corte', 3, 'N', 'N', 'N'),
(1, 26, 568, 1, 'Animais para jardim zoológico', 3, 'N', 'N', 'N'),
(1, 26, 569, 1, 'Animais para produção', 3, 'N', 'N', 'N'),
(1, 26, 570, 1, 'Animais para reprodução e guarda', 3, 'N', 'N', 'N'),
(1, 26, 571, 1, 'Animais para sela', 3, 'N', 'N', 'N'),
(1, 26, 572, 1, 'Animais para tração', 3, 'N', 'N', 'N'),
(1, 26, 573, 1, 'Selas', 3, 'N', 'N', 'N'),
(1, 26, 574, 1, 'Outros semoventes e equipamentos de montaria', 3, 'N', 'N', 'N'),
(1, 27, 575, 1, 'Bicicleta', 3, 'N', 'N', 'N'),
(1, 27, 576, 1, 'Carrinho de mão', 3, 'N', 'N', 'N'),
(1, 27, 577, 1, 'Carroça', 3, 'N', 'N', 'N'),
(1, 27, 578, 1, 'Charrete', 3, 'N', 'N', 'N'),
(1, 27, 579, 1, 'Empilhadeira', 3, 'N', 'N', 'N'),
(1, 28, 580, 1, 'Locomotiva', 2, 'S', 'N', 'N'),
(1, 28, 581, 1, 'Prancha', 3, 'S', 'N', 'N'),
(1, 28, 582, 1, 'Reboque', 3, 'S', 'N', 'N'),
(1, 28, 583, 1, 'Tender', 3, 'S', 'N', 'N'),
(1, 28, 584, 1, 'Vagão pra transporte de carga ou passageiro', 3, 'S', 'N', 'N'),
(1, 28, 585, 1, 'Outros veículos ferroviários', 3, 'N', 'N', 'N'),
(1, 29, 586, 1, 'Biombos', 3, 'N', 'N', 'N'),
(1, 29, 587, 1, 'Carpetes (primeira instalação)', 3, 'N', 'N', 'N'),
(1, 29, 588, 1, 'Cortinas', 3, 'N', 'N', 'N'),
(1, 29, 589, 1, 'Divisórias removíveis', 3, 'N', 'N', 'N'),
(1, 29, 590, 1, 'Estrados', 3, 'N', 'N', 'N'),
(1, 29, 591, 1, 'Persianas', 3, 'N', 'N', 'N'),
(1, 29, 592, 1, 'Tapetes', 3, 'N', 'N', 'N'),
(1, 29, 594, 1, 'Outras peças não incorporáveis a imóveis afins', 3, 'N', 'N', 'N'),
(1, 30, 595, 1, 'Ambulância', 1, 'S', 'S', 'S'),
(1, 30, 596, 1, 'Veículos de Passeio e Utilitários', 1, 'S', 'S', 'S'),
(1, 30, 597, 1, 'Basculante', 1, 'S', 'S', 'S'),
(1, 30, 598, 1, 'Caçamba', 1, 'S', 'S', 'S'),
(1, 30, 599, 1, 'Caminhão', 1, 'S', 'S', 'S'),
(1, 30, 600, 1, 'Carro-forte', 1, 'S', 'S', 'S'),
(1, 30, 601, 1, 'Consultório volante', 1, 'S', 'S', 'S'),
(1, 30, 602, 1, 'Furgão', 1, 'S', 'S', 'S'),
(1, 30, 603, 1, 'Micro-ônibus', 1, 'S', 'S', 'S'),
(1, 30, 604, 1, 'Motocicleta', 1, 'S', 'S', 'S'),
(1, 30, 605, 1, 'Ônibus', 1, 'S', 'S', 'S'),
(1, 30, 606, 1, 'Outros veículos de tração mecânica e afins', 1, 'N', 'N', 'N'),
(1, 33, 616, 1, 'Radar', 3, 'N', 'N', 'N'),
(1, 33, 617, 1, 'Rádios', 3, 'N', 'N', 'N'),
(1, 33, 618, 1, 'Outros equipamentos, peças e acessórios de proteção e voo', 3, 'N', 'N', 'N'),
(1, 34, 619, 1, 'Ar condicionado', 3, 'N', 'N', 'N'),
(1, 34, 620, 1, 'Capota', 3, 'N', 'N', 'N'),
(1, 34, 621, 1, 'Rádio toca-fitas', 3, 'N', 'N', 'N'),
(1, 34, 622, 1, 'Outros acessórios para automóveis e afins', 3, 'N', 'N', 'N'),
(1, 35, 623, 1, 'Escafandro', 3, 'N', 'N', 'N'),
(1, 35, 624, 1, 'Jet-Ski', 2, 'S', 'N', 'N'),
(1, 35, 625, 1, 'Tanque de oxigênio', 3, 'N', 'N', 'N'),
(1, 35, 626, 1, 'Outros equipamentos de mergulho, salvamento e afins', 3, 'N', 'N', 'N'),
(1, 36, 627, 1, 'Instrumentos de navegação', 3, 'N', 'N', 'N'),
(1, 36, 628, 1, 'Instrumentos de medição do tempo', 3, 'N', 'N', 'N'),
(1, 36, 629, 1, 'Instrumentos óticos', 3, 'N', 'N', 'N'),
(1, 36, 630, 1, 'Instrumentos geográficos', 3, 'N', 'N', 'N'),
(1, 36, 631, 1, 'Instrumentos astronômicos', 3, 'N', 'N', 'N'),
(1, 36, 632, 1, 'Instrumentos e Aparelhos meteorológicos', 3, 'N', 'N', 'N'),
(1, 36, 633, 1, 'Outros equipamentos, peças e acessórios marítimos', 3, 'N', 'N', 'N'),
(1, 37, 634, 1, 'Equipamentos e Sistema de Proteção e Vigilância Ambiental', 3, 'N', 'N', 'N'),
(1, 0, 0, 0, '', 0, '', '', ''),
(1, 38, 635, 3, 'N', 0, 'N', 'N', 'S esquadra'),
(1, 39, 636, 1, 'Outros Materiais Permanentes', 3, 'N', 'N', 'N'),
(1, 0, 0, 0, '', 0, '', '', ''),
(1, 23, 699, 2, 'S', 0, 'N', 'N', 'S agrícolas e rodoviários'),
(2, 40, 638, 1, 'Lotes Urbanos', 3, 'N', 'N', 'N'),
(2, 40, 639, 1, 'Glebas Urbanas', 3, 'N', 'N', 'N'),
(2, 40, 640, 1, 'Fazendas', 3, 'N', 'N', 'N'),
(2, 41, 647, 1, 'Edifícios', 3, 'N', 'N', 'N'),
(2, 41, 648, 1, 'Armazéns/Galpões', 3, 'N', 'N', 'N'),
(2, 41, 652, 1, 'Laboratórios e Observatórios', 3, 'N', 'N', 'N'),
(2, 41, 657, 1, 'Complexos de Fábricas e Usinas', 3, 'N', 'N', 'N'),
(2, 41, 646, 1, 'Estacionamentos e Garagens', 3, 'N', 'N', 'N'),
(2, 41, 658, 1, 'Lojas', 3, 'N', 'N', 'N'),
(2, 41, 659, 1, 'Salas', 3, 'N', 'N', 'N'),
(2, 41, 660, 1, 'Apartamentos', 3, 'N', 'N', 'N'),
(2, 41, 661, 1, 'Casas', 3, 'N', 'N', 'N'),
(2, 40, 688, 1, 'Glebas Rurais', 3, 'N', 'N', 'N'),
(2, 40, 689, 1, 'Lotes Rurais', 3, 'N', 'N', 'N'),
(2, 40, 690, 1, 'Lotes Industriais', 3, 'N', 'N', 'N'),
(2, 40, 677, 1, 'Outros Bens Dominicais – Outros Terrenos', 3, 'N', 'N', 'N'),
(2, 41, 678, 1, 'Outros Bens Dominicais – Outras Edificações', 3, 'N', 'N', 'N'),
(2, 50, 693, 1, 'Outros Bens Dominicais', 3, 'N', 'N', 'N'),
(2, 44, 643, 2, 'Praças', 3, 'N', 'N', 'N'),
(2, 44, 686, 2, 'Parques', 3, 'N', 'N', 'N'),
(2, 44, 687, 2, 'Bosques', 3, 'N', 'N', 'N'),
(2, 45, 662, 2, 'Ruas', 3, 'N', 'N', 'N'),
(2, 45, 683, 2, 'Estradas', 3, 'N', 'N', 'N'),
(2, 46, 663, 2, 'Pontes', 3, 'N', 'N', 'N'),
(2, 46, 664, 2, 'Viadutos', 3, 'N', 'N', 'N'),
(2, 47, 684, 2, 'Outros Bens de Uso Comum do Povo – Outros Terrenos', 3, 'N', 'N', 'N'),
(2, 47, 685, 2, 'Outros Bens de Uso Comum do Povo – Outras Edificações', 3, 'N', 'N', 'N'),
(2, 47, 695, 2, 'Outros Bens de Uso Comum do Povo', 3, 'N', 'N', 'N'),
(2, 40, 637, 3, 'Florestas', 3, 'N', 'N', 'N'),
(2, 40, 638, 3, 'Lotes Urbanos', 3, 'N', 'N', 'N'),
(2, 40, 639, 3, 'Glebas Urbanas', 3, 'N', 'N', 'N'),
(2, 40, 640, 3, 'Fazendas', 3, 'N', 'N', 'N'),
(2, 41, 647, 3, 'Edifícios', 3, 'N', 'N', 'N'),
(2, 41, 648, 3, 'Armazéns/Galpões', 3, 'N', 'N', 'N'),
(2, 41, 649, 3, 'Edifícios de Aeroportos e Estações', 3, 'N', 'N', 'N'),
(2, 48, 642, 3, 'Represas e Açudes', 3, 'N', 'N', 'N'),
(2, 48, 650, 3, 'Faróis', 3, 'N', 'N', 'N'),
(2, 41, 651, 3, 'Museus', 3, 'N', 'N', 'N'),
(2, 41, 652, 3, 'Laboratórios e Observatórios', 3, 'N', 'N', 'N'),
(2, 40, 644, 3, 'Ilhas', 3, 'N', 'N', 'N'),
(2, 41, 653, 3, 'Hospitais', 3, 'N', 'N', 'N'),
(2, 41, 654, 3, 'Hotéis', 3, 'N', 'N', 'N'),
(2, 41, 655, 3, 'Presídios/Delegacias', 3, 'N', 'N', 'N'),
(2, 41, 656, 3, 'Portos/Estaleiros', 3, 'N', 'N', 'N'),
(2, 41, 657, 3, 'Complexos de Fábricas e Usinas', 3, 'N', 'N', 'N'),
(2, 40, 645, 3, 'Terrenos - Cemitérios', 3, 'N', 'N', 'N'),
(2, 41, 646, 3, 'Estacionamentos e Garagens', 3, 'N', 'N', 'N'),
(2, 41, 658, 3, 'Lojas', 3, 'N', 'N', 'N'),
(2, 41, 659, 3, 'Salas', 3, 'N', 'N', 'N'),
(2, 41, 660, 3, 'Apartamentos', 3, 'N', 'N', 'N'),
(2, 41, 661, 3, 'Casas', 3, 'N', 'N', 'N'),
(2, 48, 665, 3, 'Sistema de Abastecimento de Água', 3, 'N', 'N', 'N'),
(2, 48, 666, 3, 'Rede de Iluminação Pública', 3, 'N', 'N', 'N'),
(2, 40, 667, 3, 'Terrenos - Aterros Sanitários', 3, 'N', 'N', 'N'),
(2, 48, 668, 3, 'Drenagem Pluvial', 3, 'N', 'N', 'N'),
(2, 48, 669, 3, 'Sistema de Esgoto', 3, 'N', 'N', 'N'),
(2, 41, 670, 3, 'Abatedouros', 3, 'N', 'N', 'N'),
(2, 41, 671, 3, 'Creches', 3, 'N', 'N', 'N'),
(2, 41, 672, 3, 'Escolas', 3, 'N', 'N', 'N'),
(2, 41, 673, 3, 'Posto de Saúde', 3, 'N', 'N', 'N'),
(2, 48, 674, 3, 'Poços Artesianos', 3, 'N', 'N', 'N'),
(2, 48, 675, 3, 'Sinalização de Trânsito', 3, 'N', 'N', 'N'),
(2, 41, 676, 3, 'Abrigos para Passageiros de Ônibus', 3, 'N', 'N', 'N'),
(2, 40, 688, 3, 'Glebas Rurais', 3, 'N', 'N', 'N'),
(2, 40, 689, 3, 'Lotes Rurais', 3, 'N', 'N', 'N'),
(2, 40, 690, 3, 'Lotes Industriais', 3, 'N', 'N', 'N'),
(2, 40, 679, 3, 'Outros Bens de Uso Especial – Outros Terrenos', 3, 'N', 'N', 'N'),
(2, 41, 680, 3, 'Outros Bens de Uso Especial – Outras Edificações', 3, 'N', 'N', 'N'),
(2, 48, 691, 3, 'Outros Bens de Uso Especial – Outras Instalações', 3, 'N', 'N', 'N'),
(2, 49, 694, 3, 'Outros Bens de Uso Especial', 3, 'N', 'N', 'N'),
(3, 42, 681, 1, 'Softwares', 3, 'N', 'N', 'N'),
(3, 43, 682, 1, 'Marcas, Direitos e Patentes', 3, 'N', 'N', 'N DETALHE DOS BENS PATRIMONIAIS');

-- TIPOS DE OPERAÇÕES DOS BENS PATRIMONIAIS (tabela de domínio)
CREATE TABLE IF NOT EXISTS simam.TipoOperacaoBem
(
    idTipoOperacaoBem Int64,
    dsTipoOperacaoBem String
)
ENGINE = MergeTree
ORDER BY idTipoOperacaoBem;
INSERT INTO simam.TipoOperacaoBem (idTipoOperacaoBem, dsTipoOperacaoBem) VALUES
(1, 'Aquisição'),
(2, 'Construção'),
(3, 'Incorporação por Transferência'),
(4, 'Dação em Pagamento Recebida'),
(5, 'Doação Recebida'),
(6, 'Permuta Recebida'),
(7, 'Incorporação por Cisão, Fusão ou Extinção'),
(8, 'Reformas/Melhorias sem ampliação'),
(9, 'Ampliação'),
(50, 'Outras Incorporações'),
(60, 'Alienação de Bens'),
(61, 'Desincorporação por Transferência'),
(62, 'Dação em Pagamento Concedida'),
(63, 'Doação Concedida'),
(64, 'Permuta Concedida'),
(65, 'Desincorporação por Cisão, Fusão ou Extinção'),
(66, 'Baixa Parcial por Redução de Meta Física'),
(99, 'Outras Desincorporações TIPOS DE INCORPORAÇÕES DE BENS');

-- TIPOS DE INCORPORAÇÕES DE BENS (tabela de domínio)
CREATE TABLE IF NOT EXISTS simam.TipoIncorporacaoBem
(
    idTipoIncorporacaoBem Int64,
    dsTipoIncorporacaoBem String
)
ENGINE = MergeTree
ORDER BY idTipoIncorporacaoBem;
INSERT INTO simam.TipoIncorporacaoBem (idTipoIncorporacaoBem, dsTipoIncorporacaoBem) VALUES
(1, 'Incorporação'),
(2, 'Desincorporação TIPOS DE UNIDADE MEDIDAS VÁLIDAS PARA MOVIMENTAÇÃO DE BENS');

